1	1.62e-05	ZW10	ENSP00000200135	CDKN1C	ENSP00000413720	CCNE2	ENSP00000429089	RAD1	ENSP00000371469	TP53BP1	ENSP00000371475	RAD17	ENSP00000426191	CDK10	ENSP00000338673	CDT1	ENSP00000301019	CDC23	ENSP00000378350	ANAPC4	ENSP00000426654
2	0.00032	CCND1	ENSP00000227507	UBE2C	ENSP00000348838	CDK5	ENSP00000419782	BUB1B	ENSP00000287598	CSNK2A1	ENSP00000217244	CNPPD1	ENSP00000386277	CDC23	ENSP00000378350	NBN	ENSP00000265433	ZWILCH	ENSP00000311429	CDC6	ENSP00000209728
3	4.1e-09	ZNF830	ENSP00000354518	CDK3	ENSP00000410561	CNPPD1	ENSP00000386277	EME1	ENSP00000376952	JUND	ENSP00000252818	ANAPC7	ENSP00000394394	CCNH	ENSP00000256897	CCNL2	ENSP00000383611	CDK5	ENSP00000419782	INTS13	ENSP00000261191
4	0.001	CDC16	ENSP00000353549	CDK9	ENSP00000362361	CDK5RAP3	ENSP00000438886	SKP2	ENSP00000274255	TIMELESS	ENSP00000450607	CDK7	ENSP00000256443	TFDP3	ENSP00000385461	GADD45GIP1	ENSP00000323065	MAD2L1	ENSP00000296509	BUB3	ENSP00000357858
5	0.00076	CCNT1	ENSP00000261900	RAD9B	ENSP00000376440	AURKA	ENSP00000216911	CNPPD1	ENSP00000386277	EME1	ENSP00000376952	CDK9	ENSP00000362361	GADD45GIP1	ENSP00000323065	TIMELESS	ENSP00000450607	RAB11FIP3	ENSP00000262305	MRE11	ENSP00000325863
6	0.0104	ANAPC4	ENSP00000426654	CNPPD1	ENSP00000386277	CKS2	ENSP00000364976	MUS81	ENSP00000307853	NIPBL	ENSP00000282516	CDK9	ENSP00000362361	ZW10	ENSP00000200135	GADD45GIP1	ENSP00000323065	DOT1L	ENSP00000381657	CCNB2	ENSP00000288207
7	0.0255	CDC16	ENSP00000353549	MAD1L1	ENSP00000385334	TFDP3	ENSP00000385461	SKP2	ENSP00000274255	TRIP13	ENSP00000166345	HUS1B	ENSP00000370293	TP53BP1	ENSP00000371475	CCNY	ENSP00000363836	CDK5	ENSP00000419782	PSME2	ENSP00000216802
8	0.1189	ZNF207	ENSP00000378165	RINT1	ENSP00000257700	ZNF207	ENSP00000378165	ATR	ENSP00000343741	CCNE2	ENSP00000429089	CKS2	ENSP00000364976	CCNY	ENSP00000363836	GADD45GIP1	ENSP00000323065	JUND	ENSP00000252818	ZNF830	ENSP00000354518
9	2.85e-05	TTK	ENSP00000358813	CDC6	ENSP00000209728	CDK5R2	ENSP00000304250	CDC6	ENSP00000209728	CDK19	ENSP00000357907	CDC16	ENSP00000353549	DOT1L	ENSP00000381657	CDK5	ENSP00000419782	CDC27	ENSP00000434614	ANAPC5	ENSP00000261819
10	3.58e-11	CKS2	ENSP00000364976	WEE1	ENSP00000402084	NBN	ENSP00000265433	CCNE2	ENSP00000429089	DOT1L	ENSP00000381657	TOPBP1	ENSP00000260810	TIMELESS	ENSP00000450607	NBN	ENSP00000265433	MAD1L1	ENSP00000385334	CDC6	ENSP00000209728
SUM		Min (p-val)	3.58e-11	Max (p-val)	0.1189	Mean (p-val)	0.015692470413579997
1	0.0309	PSME2	ENSP00000216802	CDKN1C	ENSP00000413720	TIMELESS	ENSP00000450607	BUB3	ENSP00000357858	ZNF830	ENSP00000354518	DOT1L	ENSP00000381657	TSC2	ENSP00000219476	ZWILCH	ENSP00000311429	TSC2	ENSP00000219476	ATR	ENSP00000343741
2	7.11e-05	GADD45GIP1	ENSP00000323065	RAD17	ENSP00000426191	LIN9	ENSP00000329102	LIN9	ENSP00000329102	CCNE2	ENSP00000429089	CDK3	ENSP00000410561	CCNY	ENSP00000363836	LIN9	ENSP00000329102	ANAPC1	ENSP00000339109	CDK5RAP1	ENSP00000217372
3	0.0078	CCND1	ENSP00000227507	INTS13	ENSP00000261191	DBF4	ENSP00000265728	NIPBL	ENSP00000282516	BUB3	ENSP00000357858	MNAT1	ENSP00000261245	EME1	ENSP00000376952	CCNB2	ENSP00000288207	WEE1	ENSP00000402084	GADD45GIP1	ENSP00000323065
4	0.001	MAD2L1	ENSP00000296509	RAD17	ENSP00000426191	CDC16	ENSP00000353549	PSME2	ENSP00000216802	TOP2B	ENSP00000396704	CDK5	ENSP00000419782	CCND1	ENSP00000227507	NBN	ENSP00000265433	RAD9B	ENSP00000376440	RAD17	ENSP00000426191
5	0.00037	JUND	ENSP00000252818	CDKN1C	ENSP00000413720	PLK2	ENSP00000274289	INSM2	ENSP00000306523	CDK10	ENSP00000338673	RAD17	ENSP00000426191	CDC16	ENSP00000353549	CCNH	ENSP00000256897	CDK10	ENSP00000338673	CCNC	ENSP00000428982
6	3.39e-05	CCNC	ENSP00000428982	MNAT1	ENSP00000261245	CCNJL	ENSP00000377547	CCNY	ENSP00000363836	TOPBP1	ENSP00000260810	PLK2	ENSP00000274289	BUB3	ENSP00000357858	SKP2	ENSP00000274255	CHEK2	ENSP00000372023	PLK2	ENSP00000274289
7	0.00095	CDC27	ENSP00000434614	ZWILCH	ENSP00000311429	MUS81	ENSP00000307853	ZWILCH	ENSP00000311429	PLK2	ENSP00000274289	CDC23	ENSP00000378350	ANAPC1	ENSP00000339109	CCNT1	ENSP00000261900	MNAT1	ENSP00000261245	CDK5R2	ENSP00000304250
8	0.0016	CDK5	ENSP00000419782	GADD45GIP1	ENSP00000323065	WAPL	ENSP00000298767	ZNF830	ENSP00000354518	CSNK2A1	ENSP00000217244	JUND	ENSP00000252818	CDK5R2	ENSP00000304250	BUB1B	ENSP00000287598	CDC27	ENSP00000434614	CDK5RAP1	ENSP00000217372
9	8.62e-09	WEE1	ENSP00000402084	RBL1	ENSP00000362768	CDK3	ENSP00000410561	TOPBP1	ENSP00000260810	UBE2C	ENSP00000348838	TOPBP1	ENSP00000260810	CCNJL	ENSP00000377547	TP53BP1	ENSP00000371475	CCND1	ENSP00000227507	CDK5R2	ENSP00000304250
10	0.00022	CDC16	ENSP00000353549	NIPBL	ENSP00000282516	BUB1B	ENSP00000287598	TFDP3	ENSP00000385461	MRE11	ENSP00000325863	CSNK2A1	ENSP00000217244	CDC6	ENSP00000209728	MNAT1	ENSP00000261245	AURKA	ENSP00000216911	WAPL	ENSP00000298767
SUM		Min (p-val)	8.62e-09	Max (p-val)	0.0309	Mean (p-val)	0.004294500862000001
1	0.00024	CNPPD1	ENSP00000386277	CDC6	ENSP00000209728	UBE2C	ENSP00000348838	ATR	ENSP00000343741	INTS13	ENSP00000261191	DOT1L	ENSP00000381657	CDK5RAP1	ENSP00000217372	MUS81	ENSP00000307853	CNPPD1	ENSP00000386277	CDK12	ENSP00000398880
2	0.142	CDK10	ENSP00000338673	ZW10	ENSP00000200135	RBL1	ENSP00000362768	ANAPC7	ENSP00000394394	JUND	ENSP00000252818	ZNF207	ENSP00000378165	CDK12	ENSP00000398880	ZWILCH	ENSP00000311429	CDK5RAP1	ENSP00000217372	PSME2	ENSP00000216802
3	2.37e-08	JUND	ENSP00000252818	EME1	ENSP00000376952	WAPL	ENSP00000298767	CDC27	ENSP00000434614	EME1	ENSP00000376952	TP53BP1	ENSP00000371475	BUB1B	ENSP00000287598	BUB3	ENSP00000357858	ZNF207	ENSP00000378165	CCNE2	ENSP00000429089
4	5.48e-08	CCNH	ENSP00000256897	WAPL	ENSP00000298767	CDK7	ENSP00000256443	CDK9	ENSP00000362361	CDK12	ENSP00000398880	WAPL	ENSP00000298767	CDK5	ENSP00000419782	ANAPC7	ENSP00000394394	CCND1	ENSP00000227507	CSNK2A1	ENSP00000217244
5	0.0017	WAPL	ENSP00000298767	FANCD2	ENSP00000287647	ZWILCH	ENSP00000311429	PLK2	ENSP00000274289	INTS13	ENSP00000261191	ZWILCH	ENSP00000311429	CDK19	ENSP00000357907	ANAPC7	ENSP00000394394	HUS1B	ENSP00000370293	CHEK2	ENSP00000372023
6	4.29e-06	TFDP3	ENSP00000385461	ANAPC1	ENSP00000339109	DBF4	ENSP00000265728	CDC27	ENSP00000434614	INTS13	ENSP00000261191	CDC27	ENSP00000434614	RBL1	ENSP00000362768	RAD9B	ENSP00000376440	CCNB2	ENSP00000288207	CDC23	ENSP00000378350
7	1.61e-11	CKS2	ENSP00000364976	CDK10	ENSP00000338673	CCNJL	ENSP00000377547	ATR	ENSP00000343741	CCNB2	ENSP00000288207	DBF4	ENSP00000265728	CSNK2A1	ENSP00000217244	TOPBP1	ENSP00000260810	MAD2L1	ENSP00000296509	CDK3	ENSP00000410561
8	5.46e-05	CDK12	ENSP00000398880	PSME2	ENSP00000216802	HUS1B	ENSP00000370293	TFDP3	ENSP00000385461	BUB1B	ENSP00000287598	CSNK2A1	ENSP00000217244	DBF4	ENSP00000265728	TOPBP1	ENSP00000260810	CCNB2	ENSP00000288207	TFDP3	ENSP00000385461
9	8.74e-10	CCNH	ENSP00000256897	CDC23	ENSP00000378350	CSNK2A1	ENSP00000217244	CCNB2	ENSP00000288207	CDK3	ENSP00000410561	RAB11FIP3	ENSP00000262305	TOPBP1	ENSP00000260810	CHEK2	ENSP00000372023	MUS81	ENSP00000307853	FANCD2	ENSP00000287647
10	0.0258	EME1	ENSP00000376952	CDC16	ENSP00000353549	CCNJL	ENSP00000377547	INSM2	ENSP00000306523	TIPIN	ENSP00000261881	ZNF830	ENSP00000354518	CDK19	ENSP00000357907	CCNC	ENSP00000428982	SKP2	ENSP00000274255	CDC23	ENSP00000378350
SUM		Min (p-val)	1.61e-11	Max (p-val)	0.142	Mean (p-val)	0.016979896939009996
1	0.00012	WAPL	ENSP00000298767	SKP2	ENSP00000274255	CDK5RAP3	ENSP00000438886	CNPPD1	ENSP00000386277	CDK5	ENSP00000419782	MNAT1	ENSP00000261245	CDK5RAP1	ENSP00000217372	CDC6	ENSP00000209728	RAD1	ENSP00000371469	CCNC	ENSP00000428982
2	0.0011	ZWILCH	ENSP00000311429	PSME2	ENSP00000216802	CCNT1	ENSP00000261900	JUND	ENSP00000252818	BUB3	ENSP00000357858	RBL1	ENSP00000362768	ANAPC7	ENSP00000394394	GADD45GIP1	ENSP00000323065	TRIP13	ENSP00000166345	RAD9B	ENSP00000376440
3	0.5507	ANAPC7	ENSP00000394394	TFDP3	ENSP00000385461	EME1	ENSP00000376952	INTS13	ENSP00000261191	CDK5	ENSP00000419782	TIMELESS	ENSP00000450607	HUS1B	ENSP00000370293	SKP2	ENSP00000274255	ZNF830	ENSP00000354518	EME1	ENSP00000376952
4	9.74e-06	CCNT1	ENSP00000261900	CCNC	ENSP00000428982	SKP2	ENSP00000274255	TP53BP1	ENSP00000371475	RAD17	ENSP00000426191	TOPBP1	ENSP00000260810	CCNJL	ENSP00000377547	ANAPC7	ENSP00000394394	CCNJL	ENSP00000377547	TIMELESS	ENSP00000450607
5	0.00045	CCNT1	ENSP00000261900	MAD1L1	ENSP00000385334	CKS2	ENSP00000364976	INSM2	ENSP00000306523	UBE2C	ENSP00000348838	CDK7	ENSP00000256443	CDK19	ENSP00000357907	DBF4	ENSP00000265728	CDK5R2	ENSP00000304250	CHEK2	ENSP00000372023
6	0.00012	BUB3	ENSP00000357858	CCNY	ENSP00000363836	CCNL2	ENSP00000383611	CDK12	ENSP00000398880	RINT1	ENSP00000257700	EME1	ENSP00000376952	CDC16	ENSP00000353549	MAD1L1	ENSP00000385334	NBN	ENSP00000265433	CDK5RAP1	ENSP00000217372
7	4.45e-07	ZNF207	ENSP00000378165	CHEK2	ENSP00000372023	PLK2	ENSP00000274289	CHEK2	ENSP00000372023	HUS1B	ENSP00000370293	RAD1	ENSP00000371469	CDK19	ENSP00000357907	CDK7	ENSP00000256443	CCNH	ENSP00000256897	DBF4	ENSP00000265728
8	1.78e-15	FANCD2	ENSP00000287647	JUND	ENSP00000252818	CDT1	ENSP00000301019	CDC6	ENSP00000209728	ATR	ENSP00000343741	EME1	ENSP00000376952	PSME2	ENSP00000216802	MUS81	ENSP00000307853	WAPL	ENSP00000298767	TRIP13	ENSP00000166345
9	0.0051	CNPPD1	ENSP00000386277	CCNT1	ENSP00000261900	INSM2	ENSP00000306523	INTS13	ENSP00000261191	ANAPC7	ENSP00000394394	ZW10	ENSP00000200135	CDK5R2	ENSP00000304250	MRE11	ENSP00000325863	CKS2	ENSP00000364976	RAD9B	ENSP00000376440
10	3.59e-05	CDK9	ENSP00000362361	AURKA	ENSP00000216911	EME1	ENSP00000376952	ANAPC1	ENSP00000339109	CDC16	ENSP00000353549	CCNJL	ENSP00000377547	SKP2	ENSP00000274255	CSNK2A1	ENSP00000217244	BUB3	ENSP00000357858	EME1	ENSP00000376952
SUM		Min (p-val)	1.78e-15	Max (p-val)	0.5507	Mean (p-val)	0.05576360850000016
1	0.0033	TOPBP1	ENSP00000260810	DOT1L	ENSP00000381657	RINT1	ENSP00000257700	HUS1B	ENSP00000370293	RAB11FIP3	ENSP00000262305	AURKA	ENSP00000216911	DOT1L	ENSP00000381657	TIPIN	ENSP00000261881	CDKN1C	ENSP00000413720	CCNY	ENSP00000363836
2	0.2145	CSNK2A1	ENSP00000217244	TRIP13	ENSP00000166345	ANAPC4	ENSP00000426654	ANAPC1	ENSP00000339109	LIN9	ENSP00000329102	TIPIN	ENSP00000261881	CDK5R2	ENSP00000304250	PLK2	ENSP00000274289	ANAPC4	ENSP00000426654	CDK5RAP3	ENSP00000438886
3	3.82e-06	RAD9B	ENSP00000376440	UBE2C	ENSP00000348838	ANAPC7	ENSP00000394394	TP53BP1	ENSP00000371475	CDC27	ENSP00000434614	CCNL2	ENSP00000383611	TTK	ENSP00000358813	INSM2	ENSP00000306523	CDC23	ENSP00000378350	ZNF207	ENSP00000378165
4	9.47e-06	CDK3	ENSP00000410561	ANAPC5	ENSP00000261819	GADD45GIP1	ENSP00000323065	ANAPC1	ENSP00000339109	TIMELESS	ENSP00000450607	CCNC	ENSP00000428982	INTS13	ENSP00000261191	CDC6	ENSP00000209728	CCNC	ENSP00000428982	FANCD2	ENSP00000287647
5	4.56e-05	RAD1	ENSP00000371469	CDK5R2	ENSP00000304250	ANAPC5	ENSP00000261819	TOP2B	ENSP00000396704	CCNB2	ENSP00000288207	CDK5RAP1	ENSP00000217372	TIMELESS	ENSP00000450607	CCNT1	ENSP00000261900	CDK19	ENSP00000357907	INTS13	ENSP00000261191
6	0.00063	PLK2	ENSP00000274289	CDC16	ENSP00000353549	CDK5	ENSP00000419782	RINT1	ENSP00000257700	TIPIN	ENSP00000261881	UBE2C	ENSP00000348838	ZWILCH	ENSP00000311429	CCNJL	ENSP00000377547	CDC16	ENSP00000353549	CDK5R2	ENSP00000304250
7	0.0017	ANAPC5	ENSP00000261819	ANAPC1	ENSP00000339109	CCNJL	ENSP00000377547	CKS2	ENSP00000364976	MAD1L1	ENSP00000385334	CCNC	ENSP00000428982	CCNC	ENSP00000428982	CDK10	ENSP00000338673	TFDP3	ENSP00000385461	ANAPC5	ENSP00000261819
8	0.0042	CCNT1	ENSP00000261900	HUS1B	ENSP00000370293	TSC2	ENSP00000219476	CDC23	ENSP00000378350	CDK5RAP3	ENSP00000438886	CDK10	ENSP00000338673	ANAPC7	ENSP00000394394	JUND	ENSP00000252818	TOP2B	ENSP00000396704	CCNH	ENSP00000256897
9	0.00013	BUB3	ENSP00000357858	CNPPD1	ENSP00000386277	PSME2	ENSP00000216802	CCNC	ENSP00000428982	CDC16	ENSP00000353549	GADD45GIP1	ENSP00000323065	CDK9	ENSP00000362361	RAB11FIP3	ENSP00000262305	ANAPC7	ENSP00000394394	CDK5	ENSP00000419782
10	4.28e-06	ZW10	ENSP00000200135	TIMELESS	ENSP00000450607	ZWILCH	ENSP00000311429	CDC27	ENSP00000434614	MAD1L1	ENSP00000385334	ATR	ENSP00000343741	RAD9B	ENSP00000376440	RAD17	ENSP00000426191	CDK5	ENSP00000419782	CDC16	ENSP00000353549
SUM		Min (p-val)	3.82e-06	Max (p-val)	0.2145	Mean (p-val)	0.022452317
1	0.063	CDK19	ENSP00000357907	HUS1B	ENSP00000370293	CDK5RAP3	ENSP00000438886	ANAPC4	ENSP00000426654	INTS13	ENSP00000261191	CDK5RAP3	ENSP00000438886	WEE1	ENSP00000402084	INSM2	ENSP00000306523	NBN	ENSP00000265433	MRE11	ENSP00000325863
2	0.0002	RAB11FIP3	ENSP00000262305	WEE1	ENSP00000402084	NIPBL	ENSP00000282516	CDC27	ENSP00000434614	UBE2C	ENSP00000348838	RBL1	ENSP00000362768	MAD2L1	ENSP00000296509	TFDP3	ENSP00000385461	RAD9B	ENSP00000376440	RBL1	ENSP00000362768
3	7.43e-06	AURKA	ENSP00000216911	CDC16	ENSP00000353549	JUND	ENSP00000252818	CCNY	ENSP00000363836	ANAPC7	ENSP00000394394	WAPL	ENSP00000298767	CCND1	ENSP00000227507	TOPBP1	ENSP00000260810	CKS2	ENSP00000364976	ANAPC5	ENSP00000261819
4	6.61e-10	CHEK2	ENSP00000372023	CCNE2	ENSP00000429089	ANAPC5	ENSP00000261819	CDK7	ENSP00000256443	ZNF830	ENSP00000354518	CDK9	ENSP00000362361	CDC23	ENSP00000378350	TOP2B	ENSP00000396704	CCNC	ENSP00000428982	CDC27	ENSP00000434614
5	0.00054	TOPBP1	ENSP00000260810	JUND	ENSP00000252818	CCND1	ENSP00000227507	PLK2	ENSP00000274289	CKS2	ENSP00000364976	AURKA	ENSP00000216911	CSNK2A1	ENSP00000217244	INSM2	ENSP00000306523	CCNT1	ENSP00000261900	TP53BP1	ENSP00000371475
6	1.34e-12	TRIP13	ENSP00000166345	CCNB2	ENSP00000288207	CDT1	ENSP00000301019	CDC6	ENSP00000209728	CCNH	ENSP00000256897	CCNJL	ENSP00000377547	TTK	ENSP00000358813	CDK9	ENSP00000362361	TIMELESS	ENSP00000450607	NIPBL	ENSP00000282516
7	0.00072	CDK19	ENSP00000357907	PSME2	ENSP00000216802	CDT1	ENSP00000301019	RAD17	ENSP00000426191	CDK9	ENSP00000362361	CCNJL	ENSP00000377547	CDK9	ENSP00000362361	CDKN1C	ENSP00000413720	CCND1	ENSP00000227507	INTS13	ENSP00000261191
8	3.27e-09	BUB1B	ENSP00000287598	BUB3	ENSP00000357858	RAD1	ENSP00000371469	NBN	ENSP00000265433	ANAPC5	ENSP00000261819	CDC23	ENSP00000378350	ATR	ENSP00000343741	CDC16	ENSP00000353549	TOPBP1	ENSP00000260810	CDC16	ENSP00000353549
9	1.76e-05	RAD9B	ENSP00000376440	RINT1	ENSP00000257700	NBN	ENSP00000265433	CCNL2	ENSP00000383611	HUS1B	ENSP00000370293	ANAPC7	ENSP00000394394	GADD45GIP1	ENSP00000323065	UBE2C	ENSP00000348838	CNPPD1	ENSP00000386277	SKP2	ENSP00000274255
10	0.0122	CDK5RAP3	ENSP00000438886	WEE1	ENSP00000402084	CDK12	ENSP00000398880	ZW10	ENSP00000200135	BUB3	ENSP00000357858	CCNC	ENSP00000428982	RAD9B	ENSP00000376440	LIN9	ENSP00000329102	CCNC	ENSP00000428982	TOP2B	ENSP00000396704
SUM		Min (p-val)	1.34e-12	Max (p-val)	0.063	Mean (p-val)	0.007668503393234003
1	3.4e-09	WAPL	ENSP00000298767	TTK	ENSP00000358813	EME1	ENSP00000376952	CNPPD1	ENSP00000386277	CDK7	ENSP00000256443	TOPBP1	ENSP00000260810	CDT1	ENSP00000301019	MNAT1	ENSP00000261245	BUB3	ENSP00000357858	ZNF830	ENSP00000354518
2	2.35e-07	CDK5RAP1	ENSP00000217372	PSME2	ENSP00000216802	CDK9	ENSP00000362361	CKS2	ENSP00000364976	BUB3	ENSP00000357858	RAD17	ENSP00000426191	MAD1L1	ENSP00000385334	CCNH	ENSP00000256897	TP53BP1	ENSP00000371475	CCNT1	ENSP00000261900
3	0.1531	WEE1	ENSP00000402084	ANAPC5	ENSP00000261819	ZNF207	ENSP00000378165	RAD1	ENSP00000371469	CDK10	ENSP00000338673	JUND	ENSP00000252818	INSM2	ENSP00000306523	ZWILCH	ENSP00000311429	FANCD2	ENSP00000287647	PSME2	ENSP00000216802
4	0.0103	EME1	ENSP00000376952	CDK19	ENSP00000357907	MUS81	ENSP00000307853	RAD17	ENSP00000426191	RAD17	ENSP00000426191	CDK5RAP3	ENSP00000438886	RBL1	ENSP00000362768	CDK9	ENSP00000362361	CDC27	ENSP00000434614	MNAT1	ENSP00000261245
5	9.49e-08	WAPL	ENSP00000298767	RAD9B	ENSP00000376440	AURKA	ENSP00000216911	ZWILCH	ENSP00000311429	TOPBP1	ENSP00000260810	CCNC	ENSP00000428982	CCNE2	ENSP00000429089	ZW10	ENSP00000200135	ATR	ENSP00000343741	CDK9	ENSP00000362361
6	0.0002	ANAPC4	ENSP00000426654	ANAPC5	ENSP00000261819	RAD1	ENSP00000371469	TP53BP1	ENSP00000371475	RBL1	ENSP00000362768	AURKA	ENSP00000216911	PSME2	ENSP00000216802	TRIP13	ENSP00000166345	INSM2	ENSP00000306523	GADD45GIP1	ENSP00000323065
7	4.29e-08	TTK	ENSP00000358813	LIN9	ENSP00000329102	CDT1	ENSP00000301019	CDK3	ENSP00000410561	RAD9B	ENSP00000376440	CDK12	ENSP00000398880	RINT1	ENSP00000257700	CDK7	ENSP00000256443	CCNY	ENSP00000363836	JUND	ENSP00000252818
8	1.49e-05	JUND	ENSP00000252818	ANAPC7	ENSP00000394394	TOP2B	ENSP00000396704	WEE1	ENSP00000402084	TOP2B	ENSP00000396704	ANAPC7	ENSP00000394394	LIN9	ENSP00000329102	BUB1B	ENSP00000287598	CCNB2	ENSP00000288207	CCNT1	ENSP00000261900
9	1.56e-05	AURKA	ENSP00000216911	UBE2C	ENSP00000348838	CCNJL	ENSP00000377547	MRE11	ENSP00000325863	TIPIN	ENSP00000261881	CCNE2	ENSP00000429089	WAPL	ENSP00000298767	CCNC	ENSP00000428982	CCNE2	ENSP00000429089	FANCD2	ENSP00000287647
10	1.25e-06	CKS2	ENSP00000364976	TOP2B	ENSP00000396704	TIPIN	ENSP00000261881	JUND	ENSP00000252818	CDK10	ENSP00000338673	CKS2	ENSP00000364976	ATR	ENSP00000343741	CCNL2	ENSP00000383611	AURKA	ENSP00000216911	CDC23	ENSP00000378350
SUM		Min (p-val)	3.4e-09	Max (p-val)	0.1531	Mean (p-val)	0.016363212620000005
1	0.00012	PSME2	ENSP00000216802	ZNF207	ENSP00000378165	TOPBP1	ENSP00000260810	RAD9B	ENSP00000376440	INSM2	ENSP00000306523	ZNF830	ENSP00000354518	UBE2C	ENSP00000348838	BUB3	ENSP00000357858	WEE1	ENSP00000402084	INSM2	ENSP00000306523
2	4.65e-12	ATR	ENSP00000343741	DBF4	ENSP00000265728	CHEK2	ENSP00000372023	ATR	ENSP00000343741	BUB1B	ENSP00000287598	JUND	ENSP00000252818	NBN	ENSP00000265433	WEE1	ENSP00000402084	RAD17	ENSP00000426191	WEE1	ENSP00000402084
3	0.00011	CCNL2	ENSP00000383611	ZNF207	ENSP00000378165	INTS13	ENSP00000261191	GADD45GIP1	ENSP00000323065	TP53BP1	ENSP00000371475	CDK10	ENSP00000338673	CDC6	ENSP00000209728	CDK19	ENSP00000357907	TOP2B	ENSP00000396704	CDK10	ENSP00000338673
4	3.5e-08	CCND1	ENSP00000227507	TRIP13	ENSP00000166345	CDC6	ENSP00000209728	MUS81	ENSP00000307853	NIPBL	ENSP00000282516	CHEK2	ENSP00000372023	CCNL2	ENSP00000383611	CCND1	ENSP00000227507	DOT1L	ENSP00000381657	CCNJL	ENSP00000377547
5	4.01e-05	NIPBL	ENSP00000282516	MRE11	ENSP00000325863	CDK5RAP3	ENSP00000438886	SKP2	ENSP00000274255	MAD2L1	ENSP00000296509	CDK5	ENSP00000419782	TIMELESS	ENSP00000450607	ZNF830	ENSP00000354518	FANCD2	ENSP00000287647	JUND	ENSP00000252818
6	0.001	TIMELESS	ENSP00000450607	CCNJL	ENSP00000377547	CCNT1	ENSP00000261900	SKP2	ENSP00000274255	FANCD2	ENSP00000287647	TIMELESS	ENSP00000450607	ANAPC5	ENSP00000261819	EME1	ENSP00000376952	TOP2B	ENSP00000396704	ZNF830	ENSP00000354518
7	0.00027	CKS2	ENSP00000364976	DOT1L	ENSP00000381657	CDT1	ENSP00000301019	CDC16	ENSP00000353549	TOPBP1	ENSP00000260810	DOT1L	ENSP00000381657	JUND	ENSP00000252818	NIPBL	ENSP00000282516	CDK10	ENSP00000338673	ATR	ENSP00000343741
8	2.53e-06	CDKN1C	ENSP00000413720	WEE1	ENSP00000402084	CDK5R2	ENSP00000304250	CCNY	ENSP00000363836	MUS81	ENSP00000307853	CDK7	ENSP00000256443	CDK9	ENSP00000362361	MRE11	ENSP00000325863	ZNF830	ENSP00000354518	ZWILCH	ENSP00000311429
9	0.0021	MRE11	ENSP00000325863	CDK7	ENSP00000256443	HUS1B	ENSP00000370293	CDKN1C	ENSP00000413720	RAD17	ENSP00000426191	ANAPC4	ENSP00000426654	INSM2	ENSP00000306523	PLK2	ENSP00000274289	EME1	ENSP00000376952	TSC2	ENSP00000219476
10	9.63e-05	TIPIN	ENSP00000261881	CDC6	ENSP00000209728	CDK5RAP3	ENSP00000438886	CDT1	ENSP00000301019	ZWILCH	ENSP00000311429	MNAT1	ENSP00000261245	TOP2B	ENSP00000396704	ZWILCH	ENSP00000311429	CCND1	ENSP00000227507	INSM2	ENSP00000306523
SUM		Min (p-val)	4.65e-12	Max (p-val)	0.0021	Mean (p-val)	0.000373896500465
1	1.46e-08	ATR	ENSP00000343741	NBN	ENSP00000265433	WEE1	ENSP00000402084	TFDP3	ENSP00000385461	WEE1	ENSP00000402084	NBN	ENSP00000265433	TP53BP1	ENSP00000371475	CCNE2	ENSP00000429089	CKS2	ENSP00000364976	RAD1	ENSP00000371469
2	0.003	CDK5R2	ENSP00000304250	NIPBL	ENSP00000282516	ZWILCH	ENSP00000311429	CDK3	ENSP00000410561	ZWILCH	ENSP00000311429	CDKN1C	ENSP00000413720	TFDP3	ENSP00000385461	UBE2C	ENSP00000348838	ZWILCH	ENSP00000311429	CCND1	ENSP00000227507
3	1.02e-06	CDT1	ENSP00000301019	MUS81	ENSP00000307853	CDK5RAP1	ENSP00000217372	CCNT1	ENSP00000261900	ZWILCH	ENSP00000311429	CCNJL	ENSP00000377547	BUB1B	ENSP00000287598	CDK19	ENSP00000357907	CCNE2	ENSP00000429089	CCNC	ENSP00000428982
4	6.97e-09	TSC2	ENSP00000219476	ANAPC1	ENSP00000339109	CDK7	ENSP00000256443	WEE1	ENSP00000402084	CCNH	ENSP00000256897	CDK5R2	ENSP00000304250	CDK9	ENSP00000362361	CCNC	ENSP00000428982	CDC27	ENSP00000434614	ATR	ENSP00000343741
5	3.74e-07	ANAPC1	ENSP00000339109	DBF4	ENSP00000265728	CCNY	ENSP00000363836	CDK10	ENSP00000338673	TOPBP1	ENSP00000260810	GADD45GIP1	ENSP00000323065	EME1	ENSP00000376952	MUS81	ENSP00000307853	ZNF830	ENSP00000354518	CDK3	ENSP00000410561
6	1.64e-06	CDK12	ENSP00000398880	GADD45GIP1	ENSP00000323065	CDT1	ENSP00000301019	CCNB2	ENSP00000288207	TIPIN	ENSP00000261881	ZNF830	ENSP00000354518	PSME2	ENSP00000216802	CDC6	ENSP00000209728	RAB11FIP3	ENSP00000262305	AURKA	ENSP00000216911
7	5.01e-05	CDK7	ENSP00000256443	TOP2B	ENSP00000396704	BUB3	ENSP00000357858	CCNC	ENSP00000428982	ZW10	ENSP00000200135	CDC16	ENSP00000353549	CDK10	ENSP00000338673	CDK5RAP1	ENSP00000217372	FANCD2	ENSP00000287647	WEE1	ENSP00000402084
8	8.96e-07	ZWILCH	ENSP00000311429	TOP2B	ENSP00000396704	ATR	ENSP00000343741	RAD17	ENSP00000426191	CDK12	ENSP00000398880	CDKN1C	ENSP00000413720	DOT1L	ENSP00000381657	CDT1	ENSP00000301019	BUB1B	ENSP00000287598	SKP2	ENSP00000274255
9	3e-07	MAD2L1	ENSP00000296509	CKS2	ENSP00000364976	PSME2	ENSP00000216802	HUS1B	ENSP00000370293	ANAPC7	ENSP00000394394	CDKN1C	ENSP00000413720	CCNH	ENSP00000256897	ANAPC7	ENSP00000394394	CDK19	ENSP00000357907	AURKA	ENSP00000216911
10	0.0021	WAPL	ENSP00000298767	RAB11FIP3	ENSP00000262305	CDK5	ENSP00000419782	DBF4	ENSP00000265728	TOP2B	ENSP00000396704	RBL1	ENSP00000362768	CDC16	ENSP00000353549	CCNT1	ENSP00000261900	CDK5RAP3	ENSP00000438886	CDK3	ENSP00000410561
SUM		Min (p-val)	6.97e-09	Max (p-val)	0.003	Mean (p-val)	0.000515435157
1	0.00017	CNPPD1	ENSP00000386277	TOPBP1	ENSP00000260810	FANCD2	ENSP00000287647	CDK19	ENSP00000357907	JUND	ENSP00000252818	ANAPC7	ENSP00000394394	CDK12	ENSP00000398880	JUND	ENSP00000252818	EME1	ENSP00000376952	TOPBP1	ENSP00000260810
2	1.55e-05	CCNE2	ENSP00000429089	CSNK2A1	ENSP00000217244	TIPIN	ENSP00000261881	CCNT1	ENSP00000261900	TTK	ENSP00000358813	WAPL	ENSP00000298767	CDC16	ENSP00000353549	WEE1	ENSP00000402084	TIPIN	ENSP00000261881	CCNE2	ENSP00000429089
3	2.8e-12	CDT1	ENSP00000301019	ATR	ENSP00000343741	TTK	ENSP00000358813	SKP2	ENSP00000274255	TFDP3	ENSP00000385461	RAD9B	ENSP00000376440	TTK	ENSP00000358813	RBL1	ENSP00000362768	TIPIN	ENSP00000261881	HUS1B	ENSP00000370293
4	0.00011	MAD1L1	ENSP00000385334	SKP2	ENSP00000274255	ATR	ENSP00000343741	DBF4	ENSP00000265728	CDKN1C	ENSP00000413720	RBL1	ENSP00000362768	INSM2	ENSP00000306523	RINT1	ENSP00000257700	CDK9	ENSP00000362361	ZNF830	ENSP00000354518
5	4.76e-05	CDK5R2	ENSP00000304250	MAD2L1	ENSP00000296509	INSM2	ENSP00000306523	RINT1	ENSP00000257700	UBE2C	ENSP00000348838	MAD1L1	ENSP00000385334	DBF4	ENSP00000265728	CDK7	ENSP00000256443	TTK	ENSP00000358813	ZNF830	ENSP00000354518
6	0.00023	BUB3	ENSP00000357858	GADD45GIP1	ENSP00000323065	DOT1L	ENSP00000381657	CDK5	ENSP00000419782	CHEK2	ENSP00000372023	GADD45GIP1	ENSP00000323065	CCNB2	ENSP00000288207	ANAPC4	ENSP00000426654	CDK9	ENSP00000362361	DOT1L	ENSP00000381657
7	0.023	MAD1L1	ENSP00000385334	ANAPC5	ENSP00000261819	TP53BP1	ENSP00000371475	NIPBL	ENSP00000282516	MUS81	ENSP00000307853	CCNL2	ENSP00000383611	TOP2B	ENSP00000396704	UBE2C	ENSP00000348838	TFDP3	ENSP00000385461	PSME2	ENSP00000216802
8	0.00011	TOP2B	ENSP00000396704	ZWILCH	ENSP00000311429	CDK10	ENSP00000338673	CDK19	ENSP00000357907	CKS2	ENSP00000364976	INSM2	ENSP00000306523	BUB1B	ENSP00000287598	INSM2	ENSP00000306523	RINT1	ENSP00000257700	RINT1	ENSP00000257700
9	0.1724	CDK12	ENSP00000398880	CDK19	ENSP00000357907	CNPPD1	ENSP00000386277	CNPPD1	ENSP00000386277	PLK2	ENSP00000274289	CDKN1C	ENSP00000413720	ANAPC4	ENSP00000426654	ANAPC7	ENSP00000394394	ZW10	ENSP00000200135	TOPBP1	ENSP00000260810
10	0.1352	WAPL	ENSP00000298767	INSM2	ENSP00000306523	TP53BP1	ENSP00000371475	ANAPC4	ENSP00000426654	MUS81	ENSP00000307853	RAB11FIP3	ENSP00000262305	TRIP13	ENSP00000166345	MNAT1	ENSP00000261245	TSC2	ENSP00000219476	CCNY	ENSP00000363836
SUM		Min (p-val)	2.8e-12	Max (p-val)	0.1724	Mean (p-val)	0.03312831000028
