1	0.3916	NANOS3	ENSP00000341992	MECP2	ENSP00000395535	DACH1	ENSP00000482245	DUSP1	ENSP00000239223	HMGN5	ENSP00000350848	RNF112	ENSP00000454919	BRIP1	ENSP00000259008	PPP2R3B	ENSP00000375080	PSMD10	ENSP00000217958	UBE2B	ENSP00000265339
2	1.0	GNAI1	ENSP00000343027	NUP214	ENSP00000352400	L3MBTL2	ENSP00000216237	ANKRD17	ENSP00000351416	FLCN	ENSP00000285071	AICDA	ENSP00000229335	JADE1	ENSP00000226319	MACROH2A1	ENSP00000423563	HMGN5	ENSP00000350848	DDX11	ENSP00000440402
3	1.0	TNFAIP3	ENSP00000481570	GRK5	ENSP00000376609	EHMT2	ENSP00000364678	STXBP4	ENSP00000365530	RPTOR	ENSP00000307272	CLIC1	ENSP00000364935	TAL1	ENSP00000294339	NPR2	ENSP00000341083	NAT10	ENSP00000257829	BMI1	ENSP00000473391
4	0.3093	HMGN5	ENSP00000350848	DNA2	ENSP00000351185	LIN54	ENSP00000341947	SIRT1	ENSP00000212015	STRADA	ENSP00000336655	PPP2R3B	ENSP00000375080	NLE1	ENSP00000413572	PPP2R3B	ENSP00000375080	HOXA13	ENSP00000222753	PTEN	ENSP00000361021
5	0.1287	STRADA	ENSP00000336655	VPS4A	ENSP00000254950	IPO7	ENSP00000369042	APC	ENSP00000257430	APAF1	ENSP00000448165	USP2	ENSP00000260187	DDX3X	ENSP00000382840	PSMD10	ENSP00000217958	BCL2	ENSP00000381185	NR2E1	ENSP00000357979
6	1.0	NF2	ENSP00000344666	DCUN1D3	ENSP00000319482	PROX1	ENSP00000355925	PRKCA	ENSP00000408695	APC	ENSP00000257430	TNFAIP3	ENSP00000481570	TRIAP1	ENSP00000449795	MYBBP1A	ENSP00000370968	TTC28	ENSP00000381003	MASTL	ENSP00000365107
7	0.1911	TTC28	ENSP00000381003	PRPF19	ENSP00000227524	EPC1	ENSP00000263062	YTHDC2	ENSP00000161863	PLCB1	ENSP00000338185	DDIT3	ENSP00000448665	PDGFRB	ENSP00000261799	SMAD3	ENSP00000332973	XRCC3	ENSP00000451974	UXT	ENSP00000337393
8	1.0	RPS6KB1	ENSP00000225577	ANKK1	ENSP00000306678	LIN54	ENSP00000341947	RYBP	ENSP00000419494	NF2	ENSP00000344666	TMOD3	ENSP00000308753	PTPN3	ENSP00000363667	IPO7	ENSP00000369042	PRPF19	ENSP00000227524	TUBA1A	ENSP00000301071
9	0.5733	TAS1R2	ENSP00000364520	TIMP2	ENSP00000262768	PRDM9	ENSP00000296682	CHFR	ENSP00000392395	FGF8	ENSP00000321797	RPA4	ENSP00000362131	GBF1	ENSP00000359000	NAT10	ENSP00000257829	CHMP5	ENSP00000223500	NSUN2	ENSP00000264670
10	1.0	GATA6	ENSP00000269216	APEX1	ENSP00000216714	USP28	ENSP00000003302	NKX3-1	ENSP00000370253	TTC28	ENSP00000381003	NR4A1	ENSP00000440864	KCNH5	ENSP00000321427	EIF4G2	ENSP00000433664	PSMD9	ENSP00000440485	BRIP1	ENSP00000259008
SUM		Min (p-val)	0.1287	Max (p-val)	1.0	Mean (p-val)	0.6594
1	1.0	SMC5	ENSP00000354957	WDR6	ENSP00000378857	HMGN5	ENSP00000350848	CNOT11	ENSP00000289382	MYO19	ENSP00000479518	YTHDC2	ENSP00000161863	PSMG2	ENSP00000325919	PTPN3	ENSP00000363667	PTPRK	ENSP00000357196	DCUN1D3	ENSP00000319482
2	0.7434	ATP2B4	ENSP00000350310	CGRRF1	ENSP00000216420	RPL26	ENSP00000463784	RPL23	ENSP00000420311	HERC5	ENSP00000264350	MLF1	ENSP00000376568	DYNLL1	ENSP00000376297	BMI1	ENSP00000473391	KANK2	ENSP00000468002	SLC38A9	ENSP00000380074
3	0.2683	ANGEL2	ENSP00000355929	ATP2B4	ENSP00000350310	APPL1	ENSP00000288266	PLPP2	ENSP00000329697	TSPYL2	ENSP00000364591	RANBP1	ENSP00000401564	PRKAR1A	ENSP00000376475	TMOD3	ENSP00000308753	TNKS	ENSP00000311579	VPS4A	ENSP00000254950
4	0.6012	DDX3X	ENSP00000382840	IPO7	ENSP00000369042	CASP3	ENSP00000311032	PGGT1B	ENSP00000404676	RPL26	ENSP00000463784	SDE2	ENSP00000272091	NF2	ENSP00000344666	PTPN3	ENSP00000363667	PSMG2	ENSP00000325919	TTC28	ENSP00000381003
5	0.4938	NUP214	ENSP00000352400	APP	ENSP00000284981	CNOT4	ENSP00000445508	FEN1	ENSP00000305480	RAD23A	ENSP00000467024	DDX39B	ENSP00000379475	PTEN	ENSP00000361021	KAT2B	ENSP00000263754	CUL1	ENSP00000326804	NAT10	ENSP00000257829
6	0.315	SFPQ	ENSP00000349748	RAD23A	ENSP00000467024	PDCD6IP	ENSP00000411825	ZBED9	ENSP00000395259	GRK5	ENSP00000376609	DUSP1	ENSP00000239223	CHORDC1	ENSP00000319255	NUDT6	ENSP00000306070	FSD1	ENSP00000221856	CHMP2A	ENSP00000469240
7	0.1965	RPS27L	ENSP00000331019	IK	ENSP00000396301	GAS2L1	ENSP00000481012	RAB6C	ENSP00000387307	RPTOR	ENSP00000307272	SMC5	ENSP00000354957	RPS6KA2	ENSP00000427015	FZD9	ENSP00000345785	THOC1	ENSP00000261600	PRPF19	ENSP00000227524
8	1.0	UBD	ENSP00000366249	PDGFRB	ENSP00000261799	MLF1	ENSP00000376568	ZMPSTE24	ENSP00000361845	MFN2	ENSP00000235329	KCNH5	ENSP00000321427	ADAMTS1	ENSP00000284984	ING4	ENSP00000380024	LSM10	ENSP00000319341	EED	ENSP00000263360
9	0.6461	PRDM9	ENSP00000296682	TUBB4B	ENSP00000341289	PRPF19	ENSP00000227524	DDX3X	ENSP00000382840	DLGAP5	ENSP00000247191	CHMP3	ENSP00000474823	SIX3	ENSP00000260653	BMI1	ENSP00000473391	PINX1	ENSP00000318966	TTC28	ENSP00000381003
10	1.0	HCFC1	ENSP00000309555	SFPQ	ENSP00000349748	MSX1	ENSP00000372170	USP19	ENSP00000401197	RANBP1	ENSP00000401564	APC	ENSP00000257430	PHOX2B	ENSP00000226382	RRP8	ENSP00000254605	CUL9	ENSP00000252050	CYP1A1	ENSP00000369050
SUM		Min (p-val)	0.1965	Max (p-val)	1.0	Mean (p-val)	0.6264299999999999
1	1.0	CNOT8	ENSP00000430493	CAB39	ENSP00000258418	SMAD3	ENSP00000332973	PCBP4	ENSP00000417196	RAD51D	ENSP00000466834	GNAI1	ENSP00000343027	USP2	ENSP00000260187	RAD51D	ENSP00000466834	PHB2	ENSP00000441875	PARP3	ENSP00000381740
2	0.2944	FOXG1	ENSP00000339004	TNFAIP3	ENSP00000481570	ANKRD17	ENSP00000351416	TBRG1	ENSP00000409016	EPC1	ENSP00000263062	HSPA2	ENSP00000378199	RNF112	ENSP00000454919	UXT	ENSP00000337393	SYF2	ENSP00000236273	PRDM9	ENSP00000296682
3	1.0	RAD51D	ENSP00000466834	CETN2	ENSP00000359300	SRSF5	ENSP00000452123	FSD1	ENSP00000221856	ANKRD17	ENSP00000351416	ESX1	ENSP00000361669	UBD	ENSP00000366249	PRDM9	ENSP00000296682	SMOC2	ENSP00000346537	RNF167	ENSP00000262482
4	0.6295	BAP1	ENSP00000417132	HSP90AA1	ENSP00000335153	DUX4	ENSP00000485452	MAD2L2	ENSP00000235310	RPTOR	ENSP00000307272	FAP	ENSP00000188790	LRP6	ENSP00000261349	HDAC8	ENSP00000362674	SLC9A3R1	ENSP00000262613	LRP6	ENSP00000261349
5	0.339	TTLL12	ENSP00000216129	PGGT1B	ENSP00000404676	PTEN	ENSP00000361021	CDC42	ENSP00000383118	TNFAIP3	ENSP00000481570	FHL1	ENSP00000377710	PRMT2	ENSP00000380759	TAS1R2	ENSP00000364520	HSPA2	ENSP00000378199	PRPF40A	ENSP00000386458
6	1.0	FHL1	ENSP00000377710	TSG101	ENSP00000251968	KIF14	ENSP00000356319	TNKS	ENSP00000311579	KIF13A	ENSP00000259711	PROX1	ENSP00000355925	XRCC3	ENSP00000451974	SLC9A3R1	ENSP00000262613	ZFHX3	ENSP00000268489	DDX3X	ENSP00000382840
7	0.35	STOX1	ENSP00000298596	HDAC8	ENSP00000362674	GTF2H1	ENSP00000265963	ZBED9	ENSP00000395259	CAB39	ENSP00000258418	SLC9A3R1	ENSP00000262613	TMEM8B	ENSP00000367227	APEX1	ENSP00000216714	APAF1	ENSP00000448165	PDCD6IP	ENSP00000411825
8	0.2341	GTF2H1	ENSP00000265963	NR4A1	ENSP00000440864	RAD23A	ENSP00000467024	ATAD5	ENSP00000313171	USP19	ENSP00000401197	MAEA	ENSP00000302830	NUP214	ENSP00000352400	RANBP1	ENSP00000401564	NAE1	ENSP00000351990	PBX1	ENSP00000405890
9	1.0	SDE2	ENSP00000272091	MEPCE	ENSP00000308546	GRK5	ENSP00000376609	ADARB1	ENSP00000353920	CUL9	ENSP00000252050	XRCC3	ENSP00000451974	WDR6	ENSP00000378857	NEUROD1	ENSP00000295108	SFPQ	ENSP00000349748	CAB39	ENSP00000258418
10	0.0039	PRMT2	ENSP00000380759	PKP4	ENSP00000374409	NAT10	ENSP00000257829	CASP3	ENSP00000311032	TERT	ENSP00000309572	HES1	ENSP00000232424	HSP90AA1	ENSP00000335153	CYP1A1	ENSP00000369050	SMARCD3	ENSP00000262188	RPRD1B	ENSP00000362532
SUM		Min (p-val)	0.0039	Max (p-val)	1.0	Mean (p-val)	0.5850899999999999
1	1.0	ATRX	ENSP00000362441	SYF2	ENSP00000236273	EPC1	ENSP00000263062	MEPCE	ENSP00000308546	CUL1	ENSP00000326804	PHOX2B	ENSP00000226382	PBX1	ENSP00000405890	STRADA	ENSP00000336655	RPRD1B	ENSP00000362532	PPP2R3B	ENSP00000375080
2	1.0	TBRG1	ENSP00000409016	CNOT3	ENSP00000351159	WDR6	ENSP00000378857	MNT	ENSP00000174618	KIF13A	ENSP00000259711	FLCN	ENSP00000285071	WDR6	ENSP00000378857	NDE1	ENSP00000379643	ADARB1	ENSP00000353920	NDE1	ENSP00000379643
3	0.0808	RASSF1	ENSP00000349547	FAP	ENSP00000188790	AATF	ENSP00000477848	SIRT1	ENSP00000212015	MARK4	ENSP00000262891	CHFR	ENSP00000392395	TCF7L2	ENSP00000358404	PRPF40A	ENSP00000386458	CBX5	ENSP00000209875	CGRRF1	ENSP00000216420
4	1.0	ATAD5	ENSP00000313171	PHOX2B	ENSP00000226382	MSX1	ENSP00000372170	HDAC8	ENSP00000362674	CHMP3	ENSP00000474823	MYO16	ENSP00000401633	CHFR	ENSP00000392395	WDR6	ENSP00000378857	KCNH5	ENSP00000321427	TUBB4B	ENSP00000341289
5	0.4219	RUNX3	ENSP00000382800	FAP	ENSP00000188790	MLST8	ENSP00000456405	PARP3	ENSP00000381740	SYF2	ENSP00000236273	EPC1	ENSP00000263062	TRIAP1	ENSP00000449795	DDX3X	ENSP00000382840	SIRT2	ENSP00000249396	BRD7	ENSP00000378181
6	1.0	MEIS2	ENSP00000453793	SPHK1	ENSP00000313681	PRPF19	ENSP00000227524	DYRK3	ENSP00000356076	PGGT1B	ENSP00000404676	CHMP3	ENSP00000474823	SMOC2	ENSP00000346537	PLCB1	ENSP00000338185	NSUN2	ENSP00000264670	MEIS2	ENSP00000453793
7	0.3549	APP	ENSP00000284981	RAD21	ENSP00000297338	TIMP2	ENSP00000262768	NF2	ENSP00000344666	CNOT11	ENSP00000289382	SMC5	ENSP00000354957	CYP1A1	ENSP00000369050	HMGN5	ENSP00000350848	ANKRD17	ENSP00000351416	TAS1R2	ENSP00000364520
8	0.0688	PRMT2	ENSP00000380759	ARNTL	ENSP00000384517	NR2E1	ENSP00000357979	MIF	ENSP00000215754	ZMPSTE24	ENSP00000361845	FOXG1	ENSP00000339004	LCMT1	ENSP00000382021	PINX1	ENSP00000318966	RRP8	ENSP00000254605	RAB6C	ENSP00000387307
9	0.2964	GAS2L1	ENSP00000481012	PRKAR1A	ENSP00000376475	BRIP1	ENSP00000259008	ANKK1	ENSP00000306678	ANKRD17	ENSP00000351416	RRAGB	ENSP00000262850	NOTCH2	ENSP00000256646	MARK4	ENSP00000262891	LSM10	ENSP00000319341	MYOG	ENSP00000241651
10	0.5197	SUSD2	ENSP00000351075	MAGI2	ENSP00000346151	DDX3X	ENSP00000382840	APPL1	ENSP00000288266	APAF1	ENSP00000448165	MAD2L2	ENSP00000235310	HDAC8	ENSP00000362674	PLCB1	ENSP00000338185	RANBP1	ENSP00000401564	HTRA2	ENSP00000258080
SUM		Min (p-val)	0.0688	Max (p-val)	1.0	Mean (p-val)	0.57425
1	0.00018	DDX39B	ENSP00000379475	CAB39	ENSP00000258418	CDK2AP2	ENSP00000301488	CTBP1	ENSP00000290921	SUSD2	ENSP00000351075	MARK4	ENSP00000262891	ARNTL	ENSP00000384517	PRKACA	ENSP00000309591	HSP90AA1	ENSP00000335153	TUBB4B	ENSP00000341289
2	0.6567	CLTC	ENSP00000479606	TNKS	ENSP00000311579	SMOC2	ENSP00000346537	CUL1	ENSP00000326804	MLXIPL	ENSP00000320886	NR2E1	ENSP00000357979	TNFAIP3	ENSP00000481570	HES1	ENSP00000232424	CNOT8	ENSP00000430493	HECW2	ENSP00000260983
3	1.0	LRP6	ENSP00000261349	AICDA	ENSP00000229335	PTPN3	ENSP00000363667	FEM1B	ENSP00000307298	PHACTR4	ENSP00000362942	SDE2	ENSP00000272091	ANKRD17	ENSP00000351416	APPL1	ENSP00000288266	DYNC1H1	ENSP00000348965	DACH1	ENSP00000482245
4	0.44	VPS4A	ENSP00000254950	PSME4	ENSP00000384211	LIN54	ENSP00000341947	RNF112	ENSP00000454919	RPL23	ENSP00000420311	SND1	ENSP00000346762	MNT	ENSP00000174618	RRAGD	ENSP00000358423	KMT2E	ENSP00000312379	BCCIP	ENSP00000357748
5	0.7335	PSMD5	ENSP00000210313	CDC42	ENSP00000383118	PRCC	ENSP00000271526	AATF	ENSP00000477848	CHMP2A	ENSP00000469240	CDC42	ENSP00000383118	NUBP1	ENSP00000283027	APPL1	ENSP00000288266	RRP8	ENSP00000254605	DLGAP5	ENSP00000247191
6	1.0	NLE1	ENSP00000413572	KCNA5	ENSP00000252321	XPC	ENSP00000285021	SMC5	ENSP00000354957	ADARB1	ENSP00000353920	TIMP2	ENSP00000262768	PBX1	ENSP00000405890	USP28	ENSP00000003302	MAP2K6	ENSP00000468348	NDE1	ENSP00000379643
7	0.4547	GRK5	ENSP00000376609	SPHK1	ENSP00000313681	RAD51D	ENSP00000466834	CHMP3	ENSP00000474823	SIRT2	ENSP00000249396	ANGEL2	ENSP00000355929	USP22	ENSP00000261497	GTF2H1	ENSP00000265963	DDX11	ENSP00000440402	TAS1R2	ENSP00000364520
8	0.3442	MTA3	ENSP00000383973	PHOX2B	ENSP00000226382	PRPF40A	ENSP00000386458	YTHDC2	ENSP00000161863	PLPP2	ENSP00000329697	MYO16	ENSP00000401633	MASTL	ENSP00000365107	AATF	ENSP00000477848	RNF167	ENSP00000262482	LSM10	ENSP00000319341
9	1.0	TSPYL2	ENSP00000364591	PARP3	ENSP00000381740	CCAR2	ENSP00000310670	PRKCA	ENSP00000408695	MFN2	ENSP00000235329	MARK4	ENSP00000262891	KAT2B	ENSP00000263754	ERN2	ENSP00000256797	CHMP4C	ENSP00000297265	CDC73	ENSP00000356405
10	1.0	FAP	ENSP00000188790	NPR2	ENSP00000341083	MX2	ENSP00000333657	H2AX	ENSP00000434024	RYBP	ENSP00000419494	NAE1	ENSP00000351990	UXT	ENSP00000337393	UBE2B	ENSP00000265339	NR4A1	ENSP00000440864	SIPA1	ENSP00000377771
SUM		Min (p-val)	0.00018	Max (p-val)	1.0	Mean (p-val)	0.662928
1	1.0	SUSD2	ENSP00000351075	PDGFRB	ENSP00000261799	KIF14	ENSP00000356319	FEN1	ENSP00000305480	NAA10	ENSP00000417763	DYNC1H1	ENSP00000348965	NAT10	ENSP00000257829	CNOT11	ENSP00000289382	MAP2K6	ENSP00000468348	RPRD1B	ENSP00000362532
2	1.0	NANOS3	ENSP00000341992	SUSD2	ENSP00000351075	SIX3	ENSP00000260653	AXIN2	ENSP00000302625	NSFL1C	ENSP00000418529	MTA3	ENSP00000383973	NSUN2	ENSP00000264670	DDIT3	ENSP00000448665	NDE1	ENSP00000379643	PHIP	ENSP00000275034
3	0.4668	CAB39	ENSP00000258418	DMRT1	ENSP00000371711	TAF1	ENSP00000406549	RNF2	ENSP00000356480	SIPA1	ENSP00000377771	PRKACA	ENSP00000309591	NEUROD1	ENSP00000295108	YTHDC2	ENSP00000161863	RAD23A	ENSP00000467024	APC	ENSP00000257430
4	0.0152	FEN1	ENSP00000305480	ERCC3	ENSP00000285398	NAT10	ENSP00000257829	DDRGK1	ENSP00000346483	MYBBP1A	ENSP00000370968	OPN1LW	ENSP00000358967	BIN1	ENSP00000316779	NR4A1	ENSP00000440864	TMOD3	ENSP00000308753	CHMP5	ENSP00000223500
5	1.0	SDE2	ENSP00000272091	PKN2	ENSP00000359552	DUX4	ENSP00000485452	PIK3C3	ENSP00000262039	FOSL1	ENSP00000310170	RPL26	ENSP00000463784	KCNH5	ENSP00000321427	PPP2R3B	ENSP00000375080	PRKAR1A	ENSP00000376475	ZFP36L1	ENSP00000388402
6	2.6e-06	SUSD2	ENSP00000351075	CNOT3	ENSP00000351159	RYBP	ENSP00000419494	CDC73	ENSP00000356405	PPM1A	ENSP00000327255	ANGEL2	ENSP00000355929	MACROH2A1	ENSP00000423563	CNOT8	ENSP00000430493	PIK3C3	ENSP00000262039	PRKAB1	ENSP00000229328
7	0.496	FEM1B	ENSP00000307298	DYRK3	ENSP00000356076	HSF1	ENSP00000431512	SYF2	ENSP00000236273	DUX4	ENSP00000485452	RNF4	ENSP00000426503	MYO16	ENSP00000401633	TRIAP1	ENSP00000449795	RPL26	ENSP00000463784	TAF6	ENSP00000399982
8	1.0	FOSL1	ENSP00000310170	USP19	ENSP00000401197	PARP3	ENSP00000381740	CDC73	ENSP00000356405	GTPBP4	ENSP00000354040	RPS6KB1	ENSP00000225577	BIN1	ENSP00000316779	IK	ENSP00000396301	HES1	ENSP00000232424	HES1	ENSP00000232424
9	0.45	TCF7L2	ENSP00000358404	BCL2	ENSP00000381185	TBRG1	ENSP00000409016	TSG101	ENSP00000251968	APPL1	ENSP00000288266	AATF	ENSP00000477848	NSFL1C	ENSP00000418529	DRG1	ENSP00000329715	NPR2	ENSP00000341083	ADAMTS1	ENSP00000284984
10	0.5532	ING4	ENSP00000380024	KAT2B	ENSP00000263754	NUBP1	ENSP00000283027	BCL2	ENSP00000381185	DNA2	ENSP00000351185	POLDIP2	ENSP00000475924	RPS27L	ENSP00000331019	OPN1LW	ENSP00000358967	MFN2	ENSP00000235329	DRG1	ENSP00000329715
SUM		Min (p-val)	2.6e-06	Max (p-val)	1.0	Mean (p-val)	0.5981202600000001
1	0.0737	NUBP1	ENSP00000283027	HTRA2	ENSP00000258080	GRK5	ENSP00000376609	FZD9	ENSP00000345785	KCNA5	ENSP00000252321	PRKAB1	ENSP00000229328	PRKAR1A	ENSP00000376475	KIF13A	ENSP00000259711	RRAGB	ENSP00000262850	XPC	ENSP00000285021
2	0.582	PROX1	ENSP00000355925	NR4A1	ENSP00000440864	RAD21	ENSP00000297338	CHORDC1	ENSP00000319255	PRKAB1	ENSP00000229328	HECW2	ENSP00000260983	XPC	ENSP00000285021	CNOT3	ENSP00000351159	MTA3	ENSP00000383973	CALM1	ENSP00000349467
3	0.0161	TTLL12	ENSP00000216129	INSR	ENSP00000303830	MSX1	ENSP00000372170	EZH2	ENSP00000320147	DACH1	ENSP00000482245	ANKRD17	ENSP00000351416	CUL4A	ENSP00000364589	GTF2H1	ENSP00000265963	SRPK2	ENSP00000377262	CUL9	ENSP00000252050
4	0.3289	ZMPSTE24	ENSP00000361845	ATF5	ENSP00000396954	PLRG1	ENSP00000424417	IPO7	ENSP00000369042	CUL4A	ENSP00000364589	TSPYL2	ENSP00000364591	BAP1	ENSP00000417132	LRP6	ENSP00000261349	DYRK3	ENSP00000356076	NUBP1	ENSP00000283027
5	0.4477	NDE1	ENSP00000379643	PRPF40A	ENSP00000386458	TERT	ENSP00000309572	SMAD3	ENSP00000332973	NAE1	ENSP00000351990	PCBP4	ENSP00000417196	FAP	ENSP00000188790	RBX1	ENSP00000216225	YTHDC2	ENSP00000161863	JADE1	ENSP00000226319
6	0.1619	PRKACA	ENSP00000309591	NAT10	ENSP00000257829	JADE1	ENSP00000226319	FZD9	ENSP00000345785	IPO5	ENSP00000261574	CGRRF1	ENSP00000216420	SLC38A9	ENSP00000380074	RNF4	ENSP00000426503	RNF2	ENSP00000356480	USP22	ENSP00000261497
7	0.5889	ZBED6	ENSP00000447879	SRPK2	ENSP00000377262	KIF14	ENSP00000356319	USP22	ENSP00000261497	PTPN3	ENSP00000363667	AATF	ENSP00000477848	PER2	ENSP00000254657	CALM1	ENSP00000349467	APAF1	ENSP00000448165	ANXA1	ENSP00000366109
8	1.0	L3MBTL2	ENSP00000216237	INO80	ENSP00000355205	SRPK2	ENSP00000377262	NLE1	ENSP00000413572	PTEN	ENSP00000361021	MACROH2A1	ENSP00000423563	RAD21	ENSP00000297338	SIPA1	ENSP00000377771	TTLL12	ENSP00000216129	MSX1	ENSP00000372170
9	0.3377	DUSP1	ENSP00000239223	CNOT4	ENSP00000445508	TTC28	ENSP00000381003	CETN2	ENSP00000359300	FOSL1	ENSP00000310170	HNRNPU	ENSP00000283179	BCCIP	ENSP00000357748	USP22	ENSP00000261497	CUL1	ENSP00000326804	MECP2	ENSP00000395535
10	1.0	WDR6	ENSP00000378857	ERN2	ENSP00000256797	DYNLT3	ENSP00000367841	POU4F1	ENSP00000366413	MACROH2A1	ENSP00000423563	THOC5	ENSP00000420306	RRP8	ENSP00000254605	HTRA2	ENSP00000258080	PPP2R3B	ENSP00000375080	BBS4	ENSP00000268057
SUM		Min (p-val)	0.0161	Max (p-val)	1.0	Mean (p-val)	0.4536899999999999
1	0.0688	NOTCH2	ENSP00000256646	CTNNB1	ENSP00000344456	PRKCA	ENSP00000408695	THOC1	ENSP00000261600	ARNTL	ENSP00000384517	RNF2	ENSP00000356480	ATAD5	ENSP00000313171	CUL4A	ENSP00000364589	NANOS3	ENSP00000341992	SUSD2	ENSP00000351075
2	0.4142	SENP2	ENSP00000296257	RAD21	ENSP00000297338	RPS27L	ENSP00000331019	BBS4	ENSP00000268057	NPM1	ENSP00000296930	MLXIPL	ENSP00000320886	PLRG1	ENSP00000424417	PIK3C3	ENSP00000262039	MAD2L2	ENSP00000235310	EED	ENSP00000263360
3	0.4697	ATP2B4	ENSP00000350310	ARID3A	ENSP00000263620	PRCC	ENSP00000271526	SRPK2	ENSP00000377262	SRPK2	ENSP00000377262	APPL1	ENSP00000288266	ANGEL2	ENSP00000355929	YTHDC2	ENSP00000161863	RPS6KB1	ENSP00000225577	RNF2	ENSP00000356480
4	0.2195	CNOT8	ENSP00000430493	DUSP1	ENSP00000239223	RPL23	ENSP00000420311	EED	ENSP00000263360	GNAI1	ENSP00000343027	SIRT1	ENSP00000212015	BMI1	ENSP00000473391	IPO7	ENSP00000369042	MX2	ENSP00000333657	PHOX2B	ENSP00000226382
5	0.5215	NUP214	ENSP00000352400	PKN2	ENSP00000359552	RNF2	ENSP00000356480	HSPA2	ENSP00000378199	SND1	ENSP00000346762	YTHDC2	ENSP00000161863	TSG101	ENSP00000251968	RNF167	ENSP00000262482	DRG1	ENSP00000329715	INO80	ENSP00000355205
6	1.0	PLCB1	ENSP00000338185	CHMP3	ENSP00000474823	TGFB1	ENSP00000221930	PAF1	ENSP00000221265	PRKACA	ENSP00000309591	SENP2	ENSP00000296257	USP22	ENSP00000261497	XPC	ENSP00000285021	NSUN2	ENSP00000264670	KMT2E	ENSP00000312379
7	0.1294	TTL	ENSP00000233336	CHMP3	ENSP00000474823	ERCC3	ENSP00000285398	YTHDC2	ENSP00000161863	HECW2	ENSP00000260983	RNF2	ENSP00000356480	CAB39	ENSP00000258418	CHFR	ENSP00000392395	APPL1	ENSP00000288266	PKD2	ENSP00000237596
8	0.2249	ANKRD17	ENSP00000351416	NF2	ENSP00000344666	PSMD10	ENSP00000217958	KANK2	ENSP00000468002	CHMP2A	ENSP00000469240	PDGFRB	ENSP00000261799	DNA2	ENSP00000351185	LRP6	ENSP00000261349	CUL1	ENSP00000326804	RNF167	ENSP00000262482
9	0.3577	MACROH2A1	ENSP00000423563	MEPCE	ENSP00000308546	APPL1	ENSP00000288266	RPL26	ENSP00000463784	PGGT1B	ENSP00000404676	NUBP1	ENSP00000283027	VPS4A	ENSP00000254950	FLCN	ENSP00000285071	WDR6	ENSP00000378857	ZMPSTE24	ENSP00000361845
10	0.3547	TSPYL2	ENSP00000364591	DLG1	ENSP00000345731	KMT2E	ENSP00000312379	TNKS	ENSP00000311579	FSD1	ENSP00000221856	BBS4	ENSP00000268057	MASTL	ENSP00000365107	SFPQ	ENSP00000349748	CALM1	ENSP00000349467	SUSD2	ENSP00000351075
SUM		Min (p-val)	0.0688	Max (p-val)	1.0	Mean (p-val)	0.37604
1	0.4631	RPRD1B	ENSP00000362532	KIF13A	ENSP00000259711	PSMG2	ENSP00000325919	RPS27L	ENSP00000331019	PER2	ENSP00000254657	HTRA2	ENSP00000258080	PHIP	ENSP00000275034	RAD23A	ENSP00000467024	INSR	ENSP00000303830	POU4F1	ENSP00000366413
2	0.2116	APP	ENSP00000284981	ZFP36L1	ENSP00000388402	WDR6	ENSP00000378857	GRK5	ENSP00000376609	TRIAP1	ENSP00000449795	CHMP4C	ENSP00000297265	MX2	ENSP00000333657	XRCC3	ENSP00000451974	CRY1	ENSP00000008527	HTRA2	ENSP00000258080
3	0.4093	ANKRD17	ENSP00000351416	CCAR2	ENSP00000310670	FLCN	ENSP00000285071	FGF8	ENSP00000321797	STRADA	ENSP00000336655	NEUROD1	ENSP00000295108	PRKCA	ENSP00000408695	STAT3	ENSP00000264657	HECW2	ENSP00000260983	MYBBP1A	ENSP00000370968
4	0.1372	AKT1	ENSP00000451828	RPS6KB1	ENSP00000225577	KLF4	ENSP00000363804	NEUROD1	ENSP00000295108	SYF2	ENSP00000236273	HSPA2	ENSP00000378199	ANGEL2	ENSP00000355929	CLTC	ENSP00000479606	PHACTR4	ENSP00000362942	MX2	ENSP00000333657
5	0.3877	TGFB1	ENSP00000221930	ANKK1	ENSP00000306678	ING4	ENSP00000380024	RAD21	ENSP00000297338	SIX3	ENSP00000260653	OPN1LW	ENSP00000358967	ANKK1	ENSP00000306678	RRAGB	ENSP00000262850	DCLRE1B	ENSP00000358576	NDE1	ENSP00000379643
6	0.2604	DYNLL1	ENSP00000376297	RUNX3	ENSP00000382800	APP	ENSP00000284981	NOP53	ENSP00000246802	CETN2	ENSP00000359300	CDK2AP2	ENSP00000301488	PGGT1B	ENSP00000404676	CNOT9	ENSP00000273064	RYBP	ENSP00000419494	TUBB4B	ENSP00000341289
7	0.1872	THOC5	ENSP00000420306	WNT10B	ENSP00000301061	DCLRE1B	ENSP00000358576	ANKK1	ENSP00000306678	HMGN5	ENSP00000350848	FHL1	ENSP00000377710	NUP214	ENSP00000352400	PTPN3	ENSP00000363667	MEPCE	ENSP00000308546	CNOT11	ENSP00000289382
8	0.2619	CHFR	ENSP00000392395	SND1	ENSP00000346762	NR2E1	ENSP00000357979	FAP	ENSP00000188790	NSUN2	ENSP00000264670	CHORDC1	ENSP00000319255	ZMPSTE24	ENSP00000361845	VPS4A	ENSP00000254950	BCL2	ENSP00000381185	CNOT8	ENSP00000430493
9	0.1227	PIK3C3	ENSP00000262039	USP19	ENSP00000401197	MLF1	ENSP00000376568	GIPC1	ENSP00000376753	GRK5	ENSP00000376609	PARP3	ENSP00000381740	ARNTL	ENSP00000384517	SRC	ENSP00000362680	APP	ENSP00000284981	TGFB1	ENSP00000221930
10	0.0078	VPS4A	ENSP00000254950	TAS1R2	ENSP00000364520	CHMP3	ENSP00000474823	YTHDC2	ENSP00000161863	TMOD3	ENSP00000308753	TTLL12	ENSP00000216129	CHMP2A	ENSP00000469240	IK	ENSP00000396301	NUP214	ENSP00000352400	NANOS3	ENSP00000341992
SUM		Min (p-val)	0.0078	Max (p-val)	0.4631	Mean (p-val)	0.24488999999999997
1	1.0	PKN2	ENSP00000359552	RRP8	ENSP00000254605	TNKS	ENSP00000311579	SLC25A33	ENSP00000306328	HCFC1	ENSP00000309555	RRAGD	ENSP00000358423	NAE1	ENSP00000351990	SIPA1	ENSP00000377771	NKX3-1	ENSP00000370253	MSX1	ENSP00000372170
2	1.0	RBX1	ENSP00000216225	H2AX	ENSP00000434024	CAB39	ENSP00000258418	MGA	ENSP00000219905	CNOT4	ENSP00000445508	TMOD3	ENSP00000308753	NKX3-1	ENSP00000370253	TNFAIP3	ENSP00000481570	ZFP36L1	ENSP00000388402	CDC73	ENSP00000356405
3	1.0	GBF1	ENSP00000359000	CGRRF1	ENSP00000216420	POLDIP2	ENSP00000475924	OPN1LW	ENSP00000358967	CUL9	ENSP00000252050	NR2E1	ENSP00000357979	TAF1	ENSP00000406549	RPRD1B	ENSP00000362532	ZFP36L1	ENSP00000388402	SMARCD3	ENSP00000262188
4	1.0	NUBP1	ENSP00000283027	ZMPSTE24	ENSP00000361845	PAF1	ENSP00000221265	SIPA1	ENSP00000377771	RAB6C	ENSP00000387307	GTPBP4	ENSP00000354040	CDK2AP2	ENSP00000301488	MAGI2	ENSP00000346151	LRP6	ENSP00000261349	MASTL	ENSP00000365107
5	0.0948	RPS6KA2	ENSP00000427015	CKAP5	ENSP00000432768	NANOS3	ENSP00000341992	DDIT3	ENSP00000448665	PGGT1B	ENSP00000404676	LRP6	ENSP00000261349	CNOT9	ENSP00000273064	CEP78	ENSP00000365782	CNOT4	ENSP00000445508	CBX5	ENSP00000209875
6	0.0961	SRPK2	ENSP00000377262	CBX5	ENSP00000209875	TTL	ENSP00000233336	CHMP5	ENSP00000223500	CNOT4	ENSP00000445508	PTEN	ENSP00000361021	CETN2	ENSP00000359300	CUL1	ENSP00000326804	CUL4A	ENSP00000364589	FAP	ENSP00000188790
7	0.433	CHMP3	ENSP00000474823	NME6	ENSP00000416658	MYO19	ENSP00000479518	EIF4G2	ENSP00000433664	STRADA	ENSP00000336655	TIMP2	ENSP00000262768	CNOT4	ENSP00000445508	HSPA2	ENSP00000378199	ERCC6	ENSP00000348089	RAD21	ENSP00000297338
8	0.4571	HSPA2	ENSP00000378199	TERT	ENSP00000309572	MTA3	ENSP00000383973	SRPK2	ENSP00000377262	TXLNG	ENSP00000369465	NME6	ENSP00000416658	ERCC3	ENSP00000285398	CDC5L	ENSP00000360532	DDX39B	ENSP00000379475	LCMT1	ENSP00000382021
9	1.0	DLG1	ENSP00000345731	UXT	ENSP00000337393	ING4	ENSP00000380024	ASNS	ENSP00000175506	TXLNG	ENSP00000369465	RANBP1	ENSP00000401564	NOP53	ENSP00000246802	RAD23A	ENSP00000467024	CTDSPL	ENSP00000273179	CEP78	ENSP00000365782
10	0.6384	SND1	ENSP00000346762	TTLL12	ENSP00000216129	MSX1	ENSP00000372170	GNAI1	ENSP00000343027	RIOK2	ENSP00000283109	VPS4A	ENSP00000254950	CEP78	ENSP00000365782	PSME4	ENSP00000384211	MARK4	ENSP00000262891	FEN1	ENSP00000305480
SUM		Min (p-val)	0.0948	Max (p-val)	1.0	Mean (p-val)	0.67194
