9606	0.0	1.0	0.8887	8	1	0.25	0.25	1	0.4398
9606	0.0	1.0	0.4018	8	0	0.0	0.0	0	1.0
9606	0.0	1.0	0.4550	8	1	0.25	0.25	0	0.1421
9606	0.0	1.0	0.6836	8	1	0.25	0.25	0	0.121
9606	0.0	1.0	0.6592	7	1	0.29	0.286	0	0.1052
9606	0.0	1.0	0.5062	8	1	0.25	0.25	0	0.1143
9606	0.0	1.0	0.8019	6	0	0.0	0.0	0	1.0
9606	0.0	1.0	0.2927	8	1	0.25	0.25	0	0.3077
9606	0.0	1.0	0.3348	8	1	0.25	0.25	1	0.4586
9606	0.0	1.0	0.2780	7	0	0.0	0.0	0	1.0
9606	0.0	1.0	0.5818	8	0	0.0	0.0	1	1.0
9606	0.0	1.0	0.8084	7	0	0.0	0.0	0	1.0
9606	0.0	1.0	0.2119	7	0	0.0	0.0	0	1.0
9606	0.0	1.0	0.5019	8	1	0.25	0.25	0	0.1552
9606	0.0	1.0	0.8596	8	2	0.5	0.5	0	0.0256
9606	0.0	1.0	0.4693	8	0	0.0	0.0	0	1.0
9606	0.0	1.0	0.6442	7	0	0.0	0.0	0	1.0
9606	0.0	1.0	0.4463	7	0	0.0	0.0	0	1.0
9606	0.0	1.0	0.3067	8	1	0.25	0.25	0	0.2603
9606	0.0	1.0	0.3966	8	0	0.0	0.0	0	1.0
9606	0.0	1.0	0.2448	8	0	0.0	0.0	1	1.0
9606	0.0	1.0	0.4336	8	0	0.0	0.0	0	1.0
9606	0.0	1.0	0.7787	8	0	0.0	0.0	0	1.0
9606	0.0	1.0	0.6103	8	1	0.25	0.25	1	0.4569
9606	0.0	1.0	0.9374	7	1	0.29	0.286	0	0.2801
9606	0.0	1.0	0.6181	8	2	0.5	0.25	0	0.0805
9606	0.0	1.0	0.5283	7	0	0.0	0.0	0	1.0
9606	0.0	1.0	0.8514	8	0	0.0	0.0	0	1.0
9606	0.0	1.0	0.2549	8	1	0.25	0.25	0	0.151
9606	0.0	1.0	0.6384	8	0	0.0	0.0	0	1.0
9606	0.0	1.0	0.5048	8	1	0.25	0.25	0	0.2269
9606	0.0	1.0	0.3979	8	1	0.25	0.25	0	0.1513
9606	0.0	1.0	0.2741	8	1	0.25	0.25	0	0.2266
9606	0.0	1.0	0.7812	8	4	1.0	0.25	1	0.0044
9606	0.0	1.0	0.2703	8	3	0.75	0.375	1	0.028
9606	0.0	1.0	0.2681	8	2	0.5	0.25	0	0.0211
9606	0.0	1.0	1.0300	7	2	0.57	0.286	0	0.0239
9606	0.0	1.0	0.3047	6	0	0.0	0.0	0	1.0
9606	0.0	1.0	0.6149	8	1	0.25	0.25	0	0.1535
9606	0.0	1.0	0.3904	7	0	0.0	0.0	0	1.0
9606	0.0	1.0	0.5710	7	0	0.0	0.0	0	1.0
9606	0.0	1.0	0.7675	6	0	0.0	0.0	0	1.0
9606	0.0	1.0	0.6792	8	1	0.25	0.25	0	0.1419
9606	0.0	1.0	0.6378	8	0	0.0	0.0	0	1.0
9606	0.0	1.0	0.7392	8	0	0.0	0.0	0	1.0
9606	0.0	1.0	0.6174	7	0	0.0	0.0	0	1.0
9606	0.0	1.0	0.7818	8	4	1.0	0.25	0	3.14e-05
9606	0.0	1.0	0.3721	8	0	0.0	0.0	0	1.0
9606	0.0	1.0	0.6970	7	2	0.57	0.286	1	0.3329
9606	0.0	1.0	0.8480	8	1	0.25	0.25	0	0.35
9606	0.0	1.0	0.3286	6	1	0.33	0.333	0	0.1392
9606	0.0	1.0	0.4263	8	0	0.0	0.0	0	1.0
9606	0.0	1.0	0.4722	8	0	0.0	0.0	0	1.0
9606	0.0	1.0	0.4897	8	1	0.25	0.25	1	0.5734
9606	0.0	1.0	0.7064	8	0	0.0	0.0	0	1.0
9606	0.0	1.0	0.4518	8	1	0.25	0.25	0	0.2805
9606	0.0	1.0	0.6587	8	1	0.25	0.25	0	0.2874
9606	0.0	1.0	0.5404	8	2	0.5	0.25	1	0.1243
9606	0.0	1.0	0.7655	8	1	0.25	0.25	0	0.1934
9606	0.0	1.0	0.9118	8	0	0.0	0.0	0	1.0
9606	0.0	1.0	0.6659	8	2	0.5	0.5	1	0.2404
9606	0.0	1.0	0.3651	7	0	0.0	0.0	0	1.0
9606	0.0	1.0	0.3538	7	3	0.86	0.286	0	0.0041
9606	0.0	1.0	0.8520	7	0	0.0	0.0	0	1.0
9606	0.0	1.0	0.7239	8	0	0.0	0.0	0	1.0
9606	0.0	1.0	0.5392	8	0	0.0	0.0	0	1.0
9606	0.0	1.0	0.3914	8	0	0.0	0.0	0	1.0
9606	0.0	1.0	0.5360	8	2	0.5	0.5	0	0.0026
9606	0.0	1.0	0.7897	8	0	0.0	0.0	0	1.0
9606	0.0	1.0	0.9631	7	1	0.29	0.286	0	0.1111
9606	0.0	1.0	0.7347	7	0	0.0	0.0	0	1.0
9606	0.0	1.0	0.5776	8	1	0.25	0.25	0	0.2378
9606	0.0	1.0	0.7259	8	1	0.25	0.25	0	0.2623
9606	0.0	1.0	0.4992	8	1	0.25	0.25	0	0.3157
9606	0.0	1.0	0.7337	8	0	0.0	0.0	0	1.0
9606	0.0	1.0	0.5878	7	0	0.0	0.0	0	1.0
9606	0.0	1.0	0.6898	8	2	0.5	0.25	0	0.0087
9606	0.0	1.0	0.8269	8	5	1.25	0.667	0	1.14e-05
9606	0.0	1.0	0.6663	6	1	0.33	0.333	0	0.1282
9606	0.0	1.0	0.4888	7	0	0.0	0.0	0	1.0
9606	0.0	1.0	0.4009	7	1	0.29	0.286	0	0.0889
9606	0.0	1.0	1.0733	7	0	0.0	0.0	0	1.0
9606	0.0	1.0	0.5772	8	5	1.25	0.417	1	0.0022
9606	0.0	1.0	0.7343	8	3	0.75	0.25	1	0.0837
9606	0.0	1.0	1.0202	8	3	0.75	0.25	0	0.0023
9606	0.0	1.0	0.3621	8	0	0.0	0.0	0	1.0
9606	0.0	1.0	0.4591	5	0	0.0	0.0	0	1.0
9606	0.0	1.0	1.1412	8	0	0.0	0.0	0	1.0
9606	0.0	1.0	0.7669	8	0	0.0	0.0	0	1.0
9606	0.0	1.0	0.2635	8	0	0.0	0.0	0	1.0
9606	0.0	1.0	0.5890	6	0	0.0	0.0	0	1.0
9606	0.0	1.0	0.4811	7	2	0.57	0.571	0	0.0063
9606	0.0	1.0	0.6350	8	1	0.25	0.25	0	0.1274
9606	0.0	1.0	0.8385	6	3	1.0	0.333	0	0.0002
9606	0.0	1.0	0.3925	6	0	0.0	0.0	0	1.0
9606	0.0	1.0	0.4181	8	1	0.25	0.25	0	0.2694
9606	0.0	1.0	0.7150	8	0	0.0	0.0	0	1.0
9606	0.0	1.0	0.4844	7	0	0.0	0.0	0	1.0
9606	0.0	1.0	0.6865	8	2	0.5	0.25	1	0.2613
9606	0.0	1.0	0.4341	7	0	0.0	0.0	0	1.0
9606	0.0	1.0	0.3481	8	0	0.0	0.0	0	1.0
9606	0.0	1.0	0.5369	8	1	0.25	0.25	0	0.1055
9606	0.0	1.0	0.4110	8	2	0.5	0.25	0	0.0389
9606	0.0	1.0	0.4869	7	1	0.29	0.286	0	0.154
9606	0.0	1.0	0.7161	8	2	0.5	0.25	1	0.3535
9606	0.0	1.0	0.3775	8	0	0.0	0.0	0	1.0
9606	0.0	1.0	0.4330	8	3	0.75	0.5	0	0.00097
9606	0.0	1.0	0.6852	8	1	0.25	0.25	1	0.3998
9606	0.0	1.0	0.8900	7	0	0.0	0.0	0	1.0
9606	0.0	1.0	0.4287	8	1	0.25	0.25	0	0.2846
9606	0.0	1.0	0.1375	6	0	0.0	0.0	0	1.0
9606	0.0	1.0	0.5538	7	2	0.57	0.571	0	0.0229
9606	0.0	1.0	0.2838	8	1	0.25	0.25	0	0.2849
9606	0.0	1.0	0.3957	8	1	0.25	0.25	0	0.2293
9606	0.0	1.0	0.5784	7	0	0.0	0.0	0	1.0
9606	0.0	1.0	0.9623	7	2	0.57	0.286	0	0.0114
9606	0.0	1.0	0.6617	8	0	0.0	0.0	0	1.0
9606	0.0	1.0	0.6765	8	2	0.5	0.5	1	0.1299
9606	0.0	1.0	0.4685	7	3	0.86	0.286	1	0.0348
9606	0.0	1.0	0.4601	8	0	0.0	0.0	0	1.0
9606	0.0	1.0	0.7531	8	0	0.0	0.0	0	1.0
9606	0.0	1.0	0.8829	8	0	0.0	0.0	0	1.0
9606	0.0	1.0	0.7458	8	1	0.25	0.25	0	0.1161
9606	0.0	1.0	0.7192	7	0	0.0	0.0	0	1.0
9606	0.0	1.0	0.2670	7	2	0.57	0.286	1	0.1535
9606	0.0	1.0	0.3192	8	4	1.0	0.375	1	0.0022
9606	0.0	1.0	0.2862	7	1	0.29	0.286	0	0.157
9606	0.0	1.0	0.5899	8	0	0.0	0.0	0	1.0
9606	0.0	1.0	0.4747	8	2	0.5	0.5	0	0.0174
9606	0.0	1.0	0.9448	8	3	0.75	0.25	1	0.0443
9606	0.0	1.0	0.3995	8	5	1.25	0.375	0	1.52e-05
9606	0.0	1.0	0.8049	7	3	0.86	0.286	1	0.1322
9606	0.0	1.0	1.0497	8	4	1.0	0.5	0	3.91e-05
9606	0.0	1.0	0.4120	8	2	0.5	0.25	0	0.0671
9606	0.0	1.0	0.5611	7	2	0.57	0.286	0	0.033
9606	0.0	1.0	0.6751	7	2	0.57	0.571	0	0.0056
9606	0.0	1.0	0.7171	8	1	0.25	0.25	0	0.1914
9606	0.0	1.0	0.4333	8	2	0.5	0.25	0	0.0475
9606	0.0	1.0	0.7300	8	0	0.0	0.0	0	1.0
9606	0.0	1.0	0.5131	7	0	0.0	0.0	0	1.0
9606	0.0	1.0	0.5108	8	1	0.25	0.25	0	0.2143
9606	0.0	1.0	0.3628	8	1	0.25	0.25	0	0.2803
9606	0.0	1.0	0.4018	8	0	0.0	0.0	0	1.0
9606	0.0	1.0	0.6439	8	1	0.25	0.25	0	0.1347
9606	0.0	1.0	0.8261	7	1	0.29	0.286	0	0.1322
9606	0.0	1.0	0.4714	8	1	0.25	0.25	1	0.4515
9606	0.0	1.0	0.5798	7	0	0.0	0.0	0	1.0
9606	0.0	1.0	0.4896	8	0	0.0	0.0	0	1.0
9606	0.0	1.0	0.7735	8	0	0.0	0.0	0	1.0
9606	0.0	1.0	0.6926	7	2	0.57	0.286	0	0.0658
9606	0.0	1.0	0.3339	6	0	0.0	0.0	0	1.0
9606	0.0	1.0	0.8086	7	0	0.0	0.0	0	1.0
9606	0.0	1.0	0.5464	8	3	0.75	0.25	1	0.0248
9606	0.0	1.0	0.9254	7	0	0.0	0.0	0	1.0
9606	0.0	1.0	0.4314	8	0	0.0	0.0	0	1.0
9606	0.0	1.0	0.8160	8	1	0.25	0.25	0	0.2707
9606	0.0	1.0	0.5854	7	0	0.0	0.0	0	1.0
9606	0.0	1.0	0.5946	8	2	0.5	0.5	0	0.073
9606	0.0	1.0	0.7924	8	1	0.25	0.25	0	0.3878
9606	0.0	1.0	0.2777	6	0	0.0	0.0	0	1.0
9606	0.0	1.0	0.5291	8	4	1.0	0.375	0	0.00048
9606	0.0	1.0	0.5616	8	0	0.0	0.0	0	1.0
9606	0.0	1.0	0.4790	8	2	0.5	0.25	0	0.0219
9606	0.0	1.0	0.4828	8	0	0.0	0.0	0	1.0
9606	0.0	1.0	0.3620	7	0	0.0	0.0	0	1.0
9606	0.0	1.0	0.7838	7	2	0.57	0.571	0	0.0053
9606	0.0	1.0	0.5506	8	1	0.25	0.25	0	0.1743
9606	0.0	1.0	0.4369	8	0	0.0	0.0	0	1.0
9606	0.0	1.0	0.4133	6	0	0.0	0.0	0	1.0
9606	0.0	1.0	0.6160	8	1	0.25	0.25	1	0.4411
9606	0.0	1.0	1.0541	8	1	0.25	0.25	0	0.1566
9606	0.0	1.0	0.8560	7	1	0.29	0.286	0	0.2472
9606	0.0	1.0	0.2756	8	0	0.0	0.0	0	1.0
9606	0.0	1.0	0.4775	8	0	0.0	0.0	0	1.0
9606	0.0	1.0	1.0549	5	2	0.8	0.4	0	0.0373
9606	0.0	1.0	0.7022	8	1	0.25	0.25	0	0.0788
9606	0.0	1.0	0.4672	8	1	0.25	0.25	0	0.0983
9606	0.0	1.0	0.6782	8	0	0.0	0.0	0	1.0
9606	0.0	1.0	0.4352	8	0	0.0	0.0	0	1.0
9606	0.0	1.0	0.4204	7	0	0.0	0.0	0	1.0
9606	0.0	1.0	0.3967	7	0	0.0	0.0	0	1.0
9606	0.0	1.0	0.5017	7	1	0.29	0.286	0	0.3275
9606	0.0	1.0	0.9345	8	2	0.5	0.25	1	0.1898
9606	0.0	1.0	0.4438	8	3	0.75	0.375	1	0.0377
9606	0.0	1.0	0.6575	7	0	0.0	0.0	0	1.0
9606	0.0	1.0	0.8136	8	2	0.5	0.25	0	0.0179
9606	0.0	1.0	0.2912	7	1	0.29	0.286	0	0.2025
9606	0.0	1.0	0.4298	7	0	0.0	0.0	0	1.0
9606	0.0	1.0	0.7342	7	0	0.0	0.0	0	1.0
9606	0.0	1.0	0.6829	8	2	0.5	0.5	0	0.0138
9606	0.0	1.0	0.5257	8	0	0.0	0.0	0	1.0
9606	0.0	1.0	0.2755	8	1	0.25	0.25	0	0.0961
9606	0.0	1.0	0.5527	8	1	0.25	0.25	1	0.5588
9606	0.0	1.0	0.6778	7	0	0.0	0.0	0	1.0
9606	0.0	1.0	0.4805	6	2	0.67	0.333	0	0.0048
9606	0.0	1.0	0.3404	8	0	0.0	0.0	1	1.0
9606	0.0	1.0	0.2326	8	0	0.0	0.0	0	1.0
9606	0.0	1.0	0.6014	8	1	0.25	0.25	0	0.1167
9606	0.0	1.0	0.4648	5	0	0.0	0.0	0	1.0
9606	0.0	1.0	0.7285	8	0	0.0	0.0	1	1.0
9606	0.0	1.0	0.6230	7	0	0.0	0.0	0	1.0
9606	0.0	1.0	0.5277	8	1	0.25	0.25	0	0.3866
9606	0.0	1.0	0.4960	8	0	0.0	0.0	0	1.0
9606	0.0	1.0	0.7095	8	1	0.25	0.25	0	0.1337
9606	0.0	1.0	0.5161	8	1	0.25	0.25	0	0.1365
9606	0.0	1.0	0.4842	7	1	0.29	0.286	0	0.0811
9606	0.0	1.0	0.4194	8	2	0.5	0.5	0	0.0226
9606	0.0	1.0	0.7607	8	0	0.0	0.0	0	1.0
9606	0.0	1.0	0.5270	6	1	0.33	0.333	0	0.0416
9606	0.0	1.0	0.3652	8	0	0.0	0.0	0	1.0
9606	0.0	1.0	0.5852	8	0	0.0	0.0	0	1.0
9606	0.0	1.0	0.6298	8	0	0.0	0.0	0	1.0
9606	0.0	1.0	0.7459	7	1	0.29	0.286	0	0.2435
9606	0.0	1.0	0.5730	8	1	0.25	0.25	0	0.1545
9606	0.0	1.0	0.6535	8	0	0.0	0.0	0	1.0
9606	0.0	1.0	1.1848	7	0	0.0	0.0	0	1.0
9606	0.0	1.0	0.5664	8	1	0.25	0.25	0	0.2124
9606	0.0	1.0	0.9409	7	0	0.0	0.0	0	1.0
9606	0.0	1.0	0.2935	8	1	0.25	0.25	0	0.3485
9606	0.0	1.0	0.5045	8	2	0.5	0.25	0	0.0526
9606	0.0	1.0	0.5816	8	0	0.0	0.0	0	1.0
9606	0.0	1.0	0.6214	7	0	0.0	0.0	0	1.0
9606	0.0	1.0	0.1315	5	0	0.0	0.0	0	1.0
9606	0.0	1.0	0.5327	8	0	0.0	0.0	1	1.0
9606	0.0	1.0	0.5695	8	0	0.0	0.0	0	1.0
9606	0.0	1.0	0.3735	8	1	0.25	0.25	1	0.4213
9606	0.0	1.0	0.8067	8	0	0.0	0.0	0	1.0
9606	0.0	1.0	0.6165	7	0	0.0	0.0	0	1.0
9606	0.0	1.0	0.9050	8	2	0.5	0.25	0	0.0261
9606	0.0	1.0	0.4378	8	0	0.0	0.0	0	1.0
9606	0.0	1.0	0.3499	8	1	0.25	0.25	0	0.1224
9606	0.0	1.0	0.6698	7	0	0.0	0.0	0	1.0
9606	0.0	1.0	0.4539	8	2	0.5	0.25	1	0.1695
9606	0.0	1.0	0.4809	8	2	0.5	0.5	1	0.1347
9606	0.0	1.0	0.8533	7	0	0.0	0.0	0	1.0
9606	0.0	1.0	0.3362	6	3	1.0	0.5	0	0.00076
9606	0.0	1.0	0.6663	7	2	0.57	0.286	1	0.1134
9606	0.0	1.0	0.6522	8	0	0.0	0.0	0	1.0
9606	0.0	1.0	0.8585	8	1	0.25	0.25	1	0.57
9606	0.0	1.0	1.3443	6	0	0.0	0.0	0	1.0
9606	0.0	1.0	0.3108	7	0	0.0	0.0	0	1.0
9606	0.0	1.0	0.6368	7	0	0.0	0.0	0	1.0
9606	0.0	1.0	0.7817	8	1	0.25	0.25	0	0.3509
9606	0.0	1.0	0.4526	7	1	0.29	0.286	0	0.0624
9606	0.0	1.0	0.7460	8	0	0.0	0.0	0	1.0
9606	0.0	1.0	0.7104	8	0	0.0	0.0	0	1.0
9606	0.0	1.0	0.5862	7	1	0.29	0.286	0	0.1127
9606	0.0	1.0	0.2680	8	0	0.0	0.0	0	1.0
9606	0.0	1.0	0.8529	7	1	0.29	0.286	0	0.1774
9606	0.0	1.0	0.7209	8	1	0.25	0.25	0	0.1601
9606	0.0	1.0	0.1670	6	0	0.0	0.0	0	1.0
9606	0.0	1.0	0.7506	7	2	0.57	0.571	0	0.0134
9606	0.0	1.0	0.5948	8	0	0.0	0.0	0	1.0
9606	0.0	1.0	0.3357	8	2	0.5	0.5	0	0.0025
9606	0.0	1.0	0.6019	8	0	0.0	0.0	0	1.0
9606	0.0	1.0	0.4846	7	0	0.0	0.0	0	1.0
9606	0.0	1.0	0.7713	8	7	1.75	0.521	1	1.19e-06
9606	0.0	1.0	0.3256	8	4	1.0	0.625	0	0.0002
9606	0.0	1.0	0.4495	8	3	0.75	0.375	1	0.031
9606	0.0	1.0	0.7134	8	0	0.0	0.0	0	1.0
9606	0.0	1.0	0.4062	7	0	0.0	0.0	0	1.0
9606	0.0	1.0	0.5432	7	0	0.0	0.0	0	1.0
9606	0.0	1.0	0.4546	7	0	0.0	0.0	0	1.0
9606	0.0	1.0	0.5749	8	1	0.25	0.25	0	0.1107
9606	0.0	1.0	0.5650	8	1	0.25	0.25	0	0.2895
9606	0.0	1.0	0.9538	7	1	0.29	0.286	0	0.1237
9606	0.0	1.0	0.5561	7	2	0.57	0.286	0	0.0111
9606	0.0	1.0	0.5304	8	0	0.0	0.0	0	1.0
9606	0.0	1.0	0.8547	8	0	0.0	0.0	0	1.0
9606	0.0	1.0	0.5052	8	0	0.0	0.0	0	1.0
9606	0.0	1.0	0.4567	8	0	0.0	0.0	1	1.0
9606	0.0	1.0	0.2795	7	1	0.29	0.286	0	0.2096
9606	0.0	1.0	0.2887	8	0	0.0	0.0	0	1.0
9606	0.0	1.0	0.4287	8	1	0.25	0.25	0	0.1333
9606	0.0	1.0	0.2168	7	0	0.0	0.0	0	1.0
9606	0.0	1.0	0.3581	7	0	0.0	0.0	0	1.0
9606	0.0	1.0	0.4807	8	0	0.0	0.0	0	1.0
9606	0.0	1.0	0.2910	8	2	0.5	0.25	0	0.0062
9606	0.0	1.0	0.5510	6	0	0.0	0.0	0	1.0
9606	0.0	1.0	0.5375	7	0	0.0	0.0	0	1.0
9606	0.0	1.0	0.5500	8	0	0.0	0.0	0	1.0
9606	0.0	1.0	0.4067	8	3	0.75	0.375	1	0.0195
9606	0.0	1.0	0.6851	8	2	0.5	0.5	0	0.0682
9606	0.0	1.0	0.5280	8	1	0.25	0.25	0	0.1336
9606	0.0	1.0	0.3377	6	2	0.67	0.667	1	0.1575
9606	0.0	1.0	0.6554	7	0	0.0	0.0	0	1.0
9606	0.0	1.0	0.5892	8	1	0.25	0.25	0	0.2192
9606	0.0	1.0	0.6107	8	3	0.75	0.375	1	0.1103
9606	0.0	1.0	0.6878	8	0	0.0	0.0	0	1.0
9606	0.0	1.0	0.5336	8	1	0.25	0.25	0	0.1287
9606	0.0	1.0	0.7774	8	0	0.0	0.0	0	1.0
9606	0.0	1.0	0.5481	7	0	0.0	0.0	0	1.0
9606	0.0	1.0	0.4761	8	3	0.75	0.5	0	0.0027
9606	0.0	1.0	0.3762	8	2	0.5	0.5	0	0.0197
9606	0.0	1.0	0.7045	7	1	0.29	0.286	0	0.1544
9606	0.0	1.0	0.6108	8	2	0.5	0.25	1	0.1538
9606	0.0	1.0	0.4740	8	3	0.75	0.375	0	0.0026
9606	0.0	1.0	0.3216	8	2	0.5	0.25	0	0.0583
9606	0.0	1.0	0.5298	8	1	0.25	0.25	0	0.225
9606	0.0	1.0	0.8675	6	1	0.33	0.333	0	0.3199
9606	0.0	1.0	0.3912	8	1	0.25	0.25	1	0.5048
9606	0.0	1.0	0.2588	8	2	0.5	0.25	0	0.043
9606	0.0	1.0	0.4104	8	2	0.5	0.5	0	0.0838
9606	0.0	1.0	0.5194	8	3	0.75	0.5	0	0.00056
9606	0.0	1.0	0.3484	6	0	0.0	0.0	0	1.0
9606	0.0	1.0	0.3731	8	0	0.0	0.0	0	1.0
9606	0.0	1.0	0.2444	7	1	0.29	0.286	0	0.2544
9606	0.0	1.0	0.5087	8	1	0.25	0.25	0	0.2951
9606	0.0	1.0	0.5303	8	2	0.5	0.25	0	0.0191
9606	0.0	1.0	0.6912	8	1	0.25	0.25	0	0.3734
9606	0.0	1.0	0.5838	8	0	0.0	0.0	0	1.0
9606	0.0	1.0	0.4668	6	2	0.67	0.667	1	0.0965
9606	0.0	1.0	0.1963	7	2	0.57	0.286	0	0.0369
9606	0.0	1.0	0.4004	7	2	0.57	0.286	0	0.0276
9606	0.0	1.0	0.5415	8	0	0.0	0.0	0	1.0
9606	0.0	1.0	0.2674	6	0	0.0	0.0	0	1.0
9606	0.0	1.0	0.4872	7	0	0.0	0.0	0	1.0
9606	0.0	1.0	0.2052	8	0	0.0	0.0	0	1.0
9606	0.0	1.0	0.6732	7	0	0.0	0.0	0	1.0
9606	0.0	1.0	0.3403	8	0	0.0	0.0	0	1.0
9606	0.0	1.0	0.4348	8	1	0.25	0.25	0	0.2635
9606	0.0	1.0	0.3239	8	5	1.25	0.521	0	7.88e-06
9606	0.0	1.0	0.4237	7	0	0.0	0.0	0	1.0
9606	0.0	1.0	0.7630	7	0	0.0	0.0	0	1.0
9606	0.0	1.0	0.5848	8	1	0.25	0.25	1	0.5178
9606	0.0	1.0	0.5626	7	1	0.29	0.286	0	0.2958
9606	0.0	1.0	0.3921	7	0	0.0	0.0	0	1.0
9606	0.0	1.0	0.5780	8	1	0.25	0.25	0	0.3265
9606	0.0	1.0	0.3279	8	0	0.0	0.0	0	1.0
9606	0.0	1.0	0.8195	7	1	0.29	0.286	0	0.1227
9606	0.0	1.0	0.4281	8	1	0.25	0.25	0	0.2223
9606	0.0	1.0	0.9112	6	1	0.33	0.333	0	0.1853
9606	0.0	1.0	0.3513	7	2	0.57	0.286	0	0.0134
9606	0.0	1.0	0.4582	8	2	0.5	0.5	0	0.0301
9606	0.0	1.0	0.9279	8	4	1.0	0.25	0	0.00055
9606	0.0	1.0	0.6724	8	0	0.0	0.0	0	1.0
9606	0.0	1.0	0.7885	8	0	0.0	0.0	0	1.0
9606	0.0	1.0	0.6511	8	2	0.5	0.5	0	0.0543
9606	0.0	1.0	0.7657	7	0	0.0	0.0	0	1.0
9606	0.0	1.0	0.4868	8	0	0.0	0.0	1	1.0
9606	0.0	1.0	0.6543	5	1	0.4	0.4	0	0.1496
9606	0.0	1.0	0.5588	8	0	0.0	0.0	0	1.0
9606	0.0	1.0	0.2793	7	0	0.0	0.0	0	1.0
9606	0.0	1.0	0.3409	8	2	0.5	0.5	0	0.0867
9606	0.0	1.0	0.5113	8	1	0.25	0.25	0	0.197
9606	0.0	1.0	0.8633	8	0	0.0	0.0	0	1.0
9606	0.0	1.0	0.5906	7	1	0.29	0.286	0	0.1841
9606	0.0	1.0	0.4309	7	0	0.0	0.0	0	1.0
9606	0.0	1.0	0.8907	8	1	0.25	0.25	0	0.1908
9606	0.0	1.0	0.2151	8	0	0.0	0.0	0	1.0
9606	0.0	1.0	0.3848	7	0	0.0	0.0	0	1.0
9606	0.0	1.0	0.6332	8	1	0.25	0.25	0	0.1919
9606	0.0	1.0	0.4045	8	0	0.0	0.0	0	1.0
9606	0.0	1.0	0.5937	8	4	1.0	0.375	0	0.00018
9606	0.0	1.0	0.5522	8	2	0.5	0.25	0	0.0625
9606	0.0	1.0	0.7704	8	2	0.5	0.25	0	0.0585
9606	0.0	1.0	0.7874	7	1	0.29	0.286	0	0.2911
9606	0.0	1.0	0.3545	8	0	0.0	0.0	0	1.0
9606	0.0	1.0	0.3385	8	0	0.0	0.0	0	1.0
9606	0.0	1.0	0.4997	8	0	0.0	0.0	0	1.0
9606	0.0	1.0	0.6709	8	0	0.0	0.0	0	1.0
9606	0.0	1.0	0.8324	8	1	0.25	0.25	0	0.1608
9606	0.0	1.0	0.5751	8	0	0.0	0.0	0	1.0
9606	0.0	1.0	0.6254	8	1	0.25	0.25	0	0.1501
9606	0.0	1.0	0.6651	7	0	0.0	0.0	0	1.0
9606	0.0	1.0	0.4154	8	1	0.25	0.25	0	0.2505
9606	0.0	1.0	0.5346	8	1	0.25	0.25	1	0.5479
9606	0.0	1.0	0.4162	7	0	0.0	0.0	0	1.0
9606	0.0	1.0	0.5548	7	1	0.29	0.286	0	0.1457
9606	0.0	1.0	0.9687	7	0	0.0	0.0	0	1.0
9606	0.0	1.0	0.7973	8	1	0.25	0.25	0	0.189
9606	0.0	1.0	0.6185	8	0	0.0	0.0	0	1.0
9606	0.0	1.0	0.7064	8	0	0.0	0.0	0	1.0
9606	0.0	1.0	0.6765	7	1	0.29	0.286	0	0.1926
9606	0.0	1.0	0.5584	8	0	0.0	0.0	0	1.0
9606	0.0	1.0	0.3110	7	1	0.29	0.286	1	0.4476
9606	0.0	1.0	0.4054	7	1	0.29	0.286	0	0.2176
9606	0.0	1.0	0.5091	8	1	0.25	0.25	0	0.2299
9606	0.0	1.0	0.6727	7	2	0.57	0.571	0	0.0676
9606	0.0	1.0	0.5210	7	0	0.0	0.0	1	1.0
9606	0.0	1.0	0.3125	8	3	0.75	0.25	0	0.0026
9606	0.0	1.0	0.3499	8	3	0.75	0.375	1	0.0566
9606	0.0	1.0	0.3323	7	1	0.29	0.286	0	0.1257
9606	0.0	1.0	0.2447	8	0	0.0	0.0	0	1.0
9606	0.0	1.0	0.5511	7	2	0.57	0.286	0	0.0062
9606	0.0	1.0	0.3350	8	0	0.0	0.0	0	1.0
9606	0.0	1.0	0.4618	8	3	0.75	0.375	0	0.00037
9606	0.0	1.0	0.5011	8	1	0.25	0.25	0	0.1201
9606	0.0	1.0	0.4761	8	1	0.25	0.25	0	0.1347
9606	0.0	1.0	0.5265	7	2	0.57	0.286	0	0.008
9606	0.0	1.0	0.6808	8	1	0.25	0.25	0	0.1775
9606	0.0	1.0	0.3595	8	0	0.0	0.0	0	1.0
9606	0.0	1.0	0.6764	8	0	0.0	0.0	0	1.0
9606	0.0	1.0	1.1558	7	0	0.0	0.0	0	1.0
9606	0.0	1.0	0.6562	8	0	0.0	0.0	0	1.0
9606	0.0	1.0	0.3176	8	0	0.0	0.0	0	1.0
9606	0.0	1.0	0.2710	6	0	0.0	0.0	0	1.0
9606	0.0	1.0	0.7259	8	1	0.25	0.25	0	0.2169
9606	0.0	1.0	0.6369	8	3	0.75	0.25	0	0.0042
9606	0.0	1.0	0.6419	8	0	0.0	0.0	0	1.0
7955	0.0	1.0	0.2911	5	1	0.4	0.4	0	0.3965
7955	0.0	1.0	0.8081	8	0	0.0	0.0	0	1.0
7955	0.0	1.0	0.5990	6	2	0.67	0.333	0	0.0183
7955	0.0	1.0	0.5222	6	0	0.0	0.0	0	1.0
7955	0.0	1.0	0.6643	7	0	0.0	0.0	0	1.0
7955	0.0	1.0	1.2717	6	0	0.0	0.0	0	1.0
7955	0.0	1.0	0.4262	7	3	0.86	0.286	1	0.0961
7955	0.0	1.0	0.9203	7	0	0.0	0.0	0	1.0
7955	0.0	1.0	1.1333	7	3	0.86	0.286	0	0.001
7955	0.0	1.0	0.5516	8	1	0.25	0.25	0	0.3705
7955	0.0	1.0	0.4901	6	3	1.0	0.333	1	0.0691
7955	0.0	1.0	0.7732	6	1	0.33	0.333	0	0.0989
7955	0.0	1.0	0.6170	7	3	0.86	0.429	0	0.0116
7955	0.0	1.0	0.7429	7	2	0.57	0.286	1	0.1719
7955	0.0	1.0	0.9550	8	5	1.25	0.375	0	6.03e-07
7955	0.0	1.0	0.8264	8	2	0.5	0.5	0	0.0119
7955	0.0	1.0	0.7488	7	6	1.71	0.524	1	0.0025
7955	0.0	1.0	0.5450	8	4	1.0	0.625	1	0.0132
7955	0.0	1.0	0.7338	8	3	0.75	0.25	1	0.0404
7955	0.0	1.0	0.7231	6	2	0.67	0.333	1	0.2204
7955	0.0	1.0	0.7241	8	0	0.0	0.0	0	1.0
7955	0.0	1.0	0.4249	8	4	1.0	0.375	1	0.054
7955	0.0	1.0	0.7318	6	3	1.0	0.333	0	6.21e-05
7955	0.0	1.0	0.5996	8	4	1.0	0.25	1	0.003
7955	0.0	1.0	0.6300	6	0	0.0	0.0	0	1.0
7955	0.0	1.0	1.1954	7	2	0.57	0.571	0	0.0386
7955	0.0	1.0	0.4782	8	4	1.0	0.25	0	0.00024
7955	0.0	1.0	0.6648	7	4	1.14	0.286	0	3.61e-05
7955	0.0	1.0	0.6344	8	5	1.25	0.417	1	0.0018
7955	0.0	1.0	0.2421	7	4	1.14	0.571	1	0.0116
7955	0.0	1.0	0.6522	5	0	0.0	0.0	0	1.0
7955	0.0	1.0	0.8456	8	2	0.5	0.25	1	0.2061
7955	0.0	1.0	0.7065	8	2	0.5	0.25	0	0.0184
7955	0.0	1.0	0.8759	7	1	0.29	0.286	0	0.0553
7955	0.0	1.0	0.6231	8	2	0.5	0.5	1	0.2343
7955	0.0	1.0	0.6479	6	1	0.33	0.333	0	0.0587
7955	0.0	1.0	0.4350	7	2	0.57	0.286	0	0.0638
7955	0.0	1.0	0.7697	7	2	0.57	0.571	0	0.0233
7955	0.0	1.0	0.7741	8	3	0.75	0.25	0	0.004
7955	0.0	1.0	0.5202	7	1	0.29	0.286	0	0.252
7955	0.0	1.0	0.7025	5	0	0.0	0.0	0	1.0
7955	0.0	1.0	0.7072	8	1	0.25	0.25	0	0.1975
7955	0.0	1.0	0.5572	7	4	1.14	0.429	0	3.02e-05
7955	0.0	1.0	0.6748	7	3	0.86	0.571	0	0.00061
7955	0.0	1.0	0.8077	8	2	0.5	0.25	0	0.0167
7955	0.0	1.0	0.8829	6	1	0.33	0.333	0	0.1059
7955	0.0	1.0	0.9432	6	2	0.67	0.333	0	0.0067
7955	0.0	1.0	0.6565	7	0	0.0	0.0	0	1.0
7955	0.0	1.0	0.8488	7	3	0.86	0.429	0	0.0034
7955	0.0	1.0	0.6496	5	0	0.0	0.0	0	1.0
7955	0.0	1.0	1.0799	7	1	0.29	0.286	0	0.0783
7955	0.0	1.0	0.6258	8	3	0.75	0.25	0	0.007
7955	0.0	1.0	0.9062	6	3	1.0	0.5	0	0.00053
7955	0.0	1.0	0.5345	8	2	0.5	0.25	1	0.1106
7955	0.0	1.0	0.8450	6	0	0.0	0.0	0	1.0
7955	0.0	1.0	0.5516	7	3	0.86	0.286	0	0.0026
7955	0.0	1.0	0.7013	7	2	0.57	0.286	1	0.2142
7955	0.0	1.0	0.9771	6	1	0.33	0.333	0	0.0528
7955	0.0	1.0	0.8735	7	2	0.57	0.286	0	0.0473
7955	0.0	1.0	0.8619	7	2	0.57	0.286	0	0.0522
7955	0.0	1.0	1.0461	7	1	0.29	0.286	0	0.1849
7955	0.0	1.0	0.9619	7	4	1.14	0.429	1	0.0117
7955	0.0	1.0	1.3964	6	0	0.0	0.0	0	1.0
7955	0.0	1.0	0.6215	6	1	0.33	0.333	0	0.1091
7955	0.0	1.0	0.6439	7	1	0.29	0.286	0	0.0639
7955	0.0	1.0	0.6687	8	1	0.25	0.25	0	0.2273
7955	0.0	1.0	1.0985	7	1	0.29	0.286	0	0.2505
7955	0.0	1.0	0.8314	7	1	0.29	0.286	0	0.0959
7955	0.0	1.0	0.7317	8	5	1.25	0.417	0	3.94e-05
7955	0.0	1.0	0.7965	7	2	0.57	0.286	0	0.0444
7955	0.0	1.0	0.4885	8	2	0.5	0.5	1	0.1638
7955	0.0	1.0	0.7869	6	1	0.33	0.333	0	0.0478
7955	0.0	1.0	0.7650	8	3	0.75	0.5	0	0.0034
7955	0.0	1.0	0.5877	6	0	0.0	0.0	0	1.0
7955	0.0	1.0	0.7100	8	2	0.5	0.25	0	0.0212
7955	0.0	1.0	0.5243	6	3	1.0	0.5	0	0.00081
7955	0.0	1.0	0.8752	7	3	0.86	0.286	0	0.0043
7955	0.0	1.0	0.7696	7	2	0.57	0.571	0	0.0026
7955	0.0	1.0	0.8820	7	2	0.57	0.286	0	0.0377
7955	0.0	1.0	0.7401	7	1	0.29	0.286	1	0.4429
7955	0.0	1.0	0.4771	6	1	0.33	0.333	0	0.1209
7955	0.0	1.0	0.7402	6	2	0.67	0.333	0	0.0818
7955	0.0	1.0	0.3915	5	1	0.4	0.4	0	0.2133
7955	0.0	1.0	0.7153	6	1	0.33	0.333	0	0.1361
7955	0.0	1.0	0.7703	6	1	0.33	0.333	0	0.1753
7955	0.0	1.0	0.6716	8	2	0.5	0.5	0	0.0101
7955	0.0	1.0	0.6509	7	5	1.43	0.0	0	1.15e-06
7955	0.0	1.0	0.4585	7	2	0.57	0.286	0	0.0159
7955	0.0	1.0	0.7424	8	1	0.25	0.25	1	0.64
7955	0.0	1.0	0.4785	8	2	0.5	0.25	1	0.2571
7955	0.0	1.0	1.2145	7	1	0.29	0.286	0	0.0723
7955	0.0	1.0	0.5649	7	3	0.86	0.429	0	0.0007
7955	0.0	1.0	0.3649	4	0	0.0	0.0	0	1.0
7955	0.0	1.0	0.3315	6	3	1.0	0.333	1	0.0642
7955	0.0	1.0	0.7253	7	0	0.0	0.0	1	1.0
7955	0.0	1.0	0.8673	7	2	0.57	0.286	1	0.2847
7955	0.0	1.0	0.3831	7	5	1.43	0.286	1	0.0071
7955	0.0	1.0	0.6005	7	0	0.0	0.0	0	1.0
7955	0.0	1.0	0.4802	7	1	0.29	0.286	1	0.5924
7955	0.0	1.0	0.6065	7	3	0.86	0.429	0	0.00071
7955	0.0	1.0	0.7202	7	3	0.86	0.286	0	0.0023
7955	0.0	1.0	0.9584	6	0	0.0	0.0	0	1.0
7955	0.0	1.0	0.9177	7	1	0.29	0.286	0	0.3335
7955	0.0	1.0	0.6836	6	1	0.33	0.333	0	0.0683
7955	0.0	1.0	0.4667	8	2	0.5	0.25	1	0.229
7955	0.0	1.0	0.5254	7	1	0.29	0.286	0	0.1857
7955	0.0	1.0	0.9149	7	1	0.29	0.286	0	0.1902
7955	0.0	1.0	0.2620	7	1	0.29	0.286	0	0.196
7955	0.0	1.0	0.6728	7	2	0.57	0.286	0	0.056
7955	0.0	1.0	0.7282	7	2	0.57	0.286	1	0.1851
7955	0.0	1.0	0.5071	7	1	0.29	0.286	0	0.1679
7955	0.0	1.0	0.9198	8	1	0.25	0.25	0	0.2176
7955	0.0	1.0	0.6223	7	1	0.29	0.286	0	0.1213
7955	0.0	1.0	0.6173	7	2	0.57	0.286	0	0.0745
7955	0.0	1.0	0.5660	7	1	0.29	0.286	0	0.2324
7955	0.0	1.0	0.5903	7	1	0.29	0.286	1	0.5467
7955	0.0	1.0	0.7868	8	6	1.5	0.458	0	1.47e-07
7955	0.0	1.0	1.2542	6	1	0.33	0.333	0	0.0503
7955	0.0	1.0	0.5954	7	2	0.57	0.286	0	0.012
7955	0.0	1.0	0.8905	7	2	0.57	0.286	0	0.0084
7955	0.0	1.0	0.7456	8	3	0.75	0.25	1	0.126
7955	0.0	1.0	1.1069	6	0	0.0	0.0	0	1.0
7955	0.0	1.0	0.5176	6	0	0.0	0.0	0	1.0
7955	0.0	1.0	0.6021	7	2	0.57	0.571	0	0.0213
7955	0.0	1.0	1.0292	8	3	0.75	0.5	0	0.005
7955	0.0	1.0	0.7057	6	0	0.0	0.0	0	1.0
7955	0.0	1.0	0.8311	6	0	0.0	0.0	0	1.0
7955	0.0	1.0	0.6743	7	2	0.57	0.571	0	0.0228
7955	0.0	1.0	0.9931	6	1	0.33	0.333	0	0.217
7955	0.0	1.0	0.7075	7	1	0.29	0.286	0	0.2433
7955	0.0	1.0	0.6683	6	1	0.33	0.333	0	0.123
7955	0.0	1.0	0.4966	7	3	0.86	0.429	0	0.0059
7955	0.0	1.0	0.5266	7	0	0.0	0.0	0	1.0
7955	0.0	1.0	0.8076	7	0	0.0	0.0	0	1.0
7955	0.0	1.0	0.3985	6	1	0.33	0.333	0	0.1713
7955	0.0	1.0	0.5867	7	2	0.57	0.286	0	0.0711
7955	0.0	1.0	0.8933	8	1	0.25	0.25	0	0.2543
7955	0.0	1.0	0.9966	7	1	0.29	0.286	0	0.2675
7955	0.0	1.0	0.9266	7	1	0.29	0.286	0	0.1903
7955	0.0	1.0	0.6630	6	0	0.0	0.0	0	1.0
7955	0.0	1.0	0.8930	7	0	0.0	0.0	0	1.0
7955	0.0	1.0	0.5998	8	4	1.0	0.5	1	0.0197
7955	0.0	1.0	0.7811	8	3	0.75	0.5	0	0.0046
7955	0.0	1.0	0.7600	8	1	0.25	0.25	0	0.3823
7955	0.0	1.0	0.5783	6	3	1.0	0.333	0	0.0088
7955	0.0	1.0	0.7079	7	1	0.29	0.286	0	0.3817
7955	0.0	1.0	1.1816	8	3	0.75	0.5	0	0.0068
7955	0.0	1.0	1.0796	6	1	0.33	0.333	0	0.2252
7955	0.0	1.0	1.0649	7	5	1.43	0.524	0	3.21e-06
7955	0.0	1.0	0.9243	7	0	0.0	0.0	0	1.0
7955	0.0	1.0	0.7650	8	2	0.5	0.25	0	0.028
7955	0.0	1.0	0.5353	6	0	0.0	0.0	0	1.0
7955	0.0	1.0	0.4985	8	3	0.75	0.25	1	0.1218
7955	0.0	1.0	0.8071	8	3	0.75	0.25	0	0.0013
7955	0.0	1.0	0.5820	8	3	0.75	0.25	1	0.1888
7955	0.0	1.0	0.5985	7	2	0.57	0.286	0	0.0401
7955	0.0	1.0	0.4230	7	3	0.86	0.286	1	0.0889
7955	0.0	1.0	0.7131	8	2	0.5	0.5	0	0.0109
7955	0.0	1.0	0.5784	7	1	0.29	0.286	1	0.5835
7955	0.0	1.0	0.5234	7	2	0.57	0.571	0	0.0301
7955	0.0	1.0	0.5842	7	2	0.57	0.286	1	0.1544
7955	0.0	1.0	0.6682	6	0	0.0	0.0	0	1.0
7955	0.0	1.0	0.6803	8	4	1.0	0.625	1	0.0209
7955	0.0	1.0	0.8914	7	1	0.29	0.286	0	0.1409
7955	0.0	1.0	0.7720	7	2	0.57	0.571	0	0.0237
7955	0.0	1.0	0.6335	7	2	0.57	0.571	1	0.2836
7955	0.0	1.0	0.8419	6	0	0.0	0.0	0	1.0
7955	0.0	1.0	0.5018	7	2	0.57	0.286	0	0.0382
7955	0.0	1.0	0.7384	7	5	1.43	0.476	0	6.26e-06
7955	0.0	1.0	0.9747	7	2	0.57	0.571	0	0.0045
7955	0.0	1.0	0.7884	8	1	0.25	0.25	1	0.5415
7955	0.0	1.0	1.0046	7	0	0.0	0.0	0	1.0
7955	0.0	1.0	0.4658	8	0	0.0	0.0	0	1.0
7955	0.0	1.0	0.8254	8	1	0.25	0.25	1	0.5372
7955	0.0	1.0	0.4742	7	4	1.14	0.286	1	0.0171
7955	0.0	1.0	0.6099	8	4	1.0	0.5	0	0.0011
7955	0.0	1.0	0.6846	7	1	0.29	0.286	0	0.2347
7955	0.0	1.0	0.9547	7	0	0.0	0.0	0	1.0
7955	0.0	1.0	0.3141	7	0	0.0	0.0	0	1.0
7955	0.0	1.0	1.0105	7	0	0.0	0.0	0	1.0
7955	0.0	1.0	1.0159	6	1	0.33	0.333	1	0.4639
7955	0.0	1.0	0.7275	8	5	1.25	0.25	1	0.0044
7955	0.0	1.0	1.1102	7	0	0.0	0.0	0	1.0
7955	0.0	1.0	1.0358	6	3	1.0	0.333	0	0.00058
7955	0.0	1.0	0.8674	8	3	0.75	0.25	0	0.0064
7955	0.0	1.0	0.8973	7	1	0.29	0.286	1	0.453
7955	0.0	1.0	0.3551	7	0	0.0	0.0	0	1.0
7955	0.0	1.0	0.7934	7	2	0.57	0.286	0	0.0172
7955	0.0	1.0	0.5504	8	1	0.25	0.25	1	0.5411
7955	0.0	1.0	0.8031	5	4	1.6	0.4	0	0.00012
7955	0.0	1.0	0.5900	7	3	0.86	0.571	0	0.00021
7955	0.0	1.0	0.4357	7	4	1.14	0.286	1	0.0141
7955	0.0	1.0	0.7533	7	1	0.29	0.286	0	0.2202
7955	0.0	1.0	0.5109	7	0	0.0	0.0	1	1.0
7955	0.0	1.0	0.6877	8	3	0.75	0.25	1	0.0633
7955	0.0	1.0	0.3667	7	2	0.57	0.571	0	0.044
7955	0.0	1.0	0.5555	7	1	0.29	0.286	0	0.1075
7955	0.0	1.0	0.5488	7	3	0.86	0.429	0	0.0024
7955	0.0	1.0	0.9430	8	0	0.0	0.0	0	1.0
7955	0.0	1.0	0.5818	8	2	0.5	0.5	0	0.0318
7955	0.0	1.0	0.8157	7	0	0.0	0.0	0	1.0
7955	0.0	1.0	0.7452	7	1	0.29	0.286	0	0.3749
7955	0.0	1.0	0.6019	8	1	0.25	0.25	0	0.2977
7955	0.0	1.0	0.8596	6	1	0.33	0.333	0	0.082
7955	0.0	1.0	0.6859	7	0	0.0	0.0	0	1.0
7955	0.0	1.0	0.9289	8	4	1.0	0.5	0	0.00048
7955	0.0	1.0	0.4405	8	2	0.5	0.5	0	0.0193
7955	0.0	1.0	0.7459	7	4	1.14	0.286	1	0.0173
7955	0.0	1.0	0.9123	8	0	0.0	0.0	0	1.0
7955	0.0	1.0	0.6465	7	2	0.57	0.571	0	0.0059
7955	0.0	1.0	0.3447	7	3	0.86	0.286	1	0.0791
7955	0.0	1.0	0.8922	6	1	0.33	0.333	0	0.0809
7955	0.0	1.0	1.1767	6	0	0.0	0.0	0	1.0
7955	0.0	1.0	0.6770	7	1	0.29	0.286	0	0.1716
7955	0.0	1.0	0.7281	7	2	0.57	0.286	0	0.0381
7955	0.0	1.0	0.6963	6	1	0.33	0.333	0	0.1967
7955	0.0	1.0	0.6104	7	1	0.29	0.286	0	0.2252
7955	0.0	1.0	0.4171	7	4	1.14	0.476	0	0.0011
7955	0.0	1.0	0.8724	8	0	0.0	0.0	0	1.0
7955	0.0	1.0	1.2851	7	0	0.0	0.0	0	1.0
7955	0.0	1.0	0.5515	8	2	0.5	0.25	1	0.2324
7955	0.0	1.0	0.4637	6	0	0.0	0.0	0	1.0
7955	0.0	1.0	0.6197	7	1	0.29	0.286	0	0.158
7955	0.0	1.0	0.7800	8	1	0.25	0.25	1	0.6781
7955	0.0	1.0	0.5843	8	1	0.25	0.25	0	0.1506
7955	0.0	1.0	0.5041	8	3	0.75	0.375	1	0.1571
7955	0.0	1.0	0.5356	7	1	0.29	0.286	1	0.4912
7955	0.0	1.0	0.8264	7	2	0.57	0.571	1	0.1806
7955	0.0	1.0	0.7240	7	1	0.29	0.286	0	0.0782
7955	0.0	1.0	0.4709	8	4	1.0	0.5	1	0.0368
7955	0.0	1.0	0.5890	6	1	0.33	0.333	0	0.0424
7955	0.0	1.0	0.6536	7	6	1.71	0.524	0	4.14e-06
7955	0.0	1.0	1.2172	6	3	1.0	0.333	0	0.0025
7955	0.0	1.0	0.7760	8	2	0.5	0.25	0	0.0273
7955	0.0	1.0	0.7748	7	1	0.29	0.286	0	0.1675
7955	0.0	1.0	0.7470	8	2	0.5	0.25	0	0.0206
7955	0.0	1.0	0.7747	6	0	0.0	0.0	0	1.0
7955	0.0	1.0	0.8879	7	0	0.0	0.0	1	1.0
7955	0.0	1.0	0.8624	6	2	0.67	0.333	0	0.0052
7955	0.0	1.0	0.5661	8	1	0.25	0.25	0	0.2506
7955	0.0	1.0	1.0189	6	0	0.0	0.0	0	1.0
7955	0.0	1.0	0.3420	7	4	1.14	0.286	1	0.0142
7955	0.0	1.0	0.7710	6	1	0.33	0.333	0	0.0878
7955	0.0	1.0	0.5868	7	5	1.43	0.571	0	1.7e-05
7955	0.0	1.0	0.5732	5	1	0.4	0.4	0	0.3207
7955	0.0	1.0	0.9111	7	0	0.0	0.0	0	1.0
7955	0.0	1.0	0.8167	7	3	0.86	0.429	0	0.0032
7955	0.0	1.0	0.5179	6	6	2.0	0.667	0	6.2e-07
7955	0.0	1.0	0.2834	6	1	0.33	0.333	1	0.5014
7955	0.0	1.0	0.9545	7	4	1.14	0.714	0	5.79e-06
7955	0.0	1.0	0.5987	8	1	0.25	0.25	0	0.2492
7955	0.0	1.0	0.7411	7	3	0.86	0.286	0	0.00011
7955	0.0	1.0	0.6418	7	0	0.0	0.0	0	1.0
7955	0.0	1.0	1.0774	6	3	1.0	0.667	1	0.0351
7955	0.0	1.0	0.7415	7	1	0.29	0.286	0	0.1971
7955	0.0	1.0	0.8096	7	2	0.57	0.286	1	0.1626
7955	0.0	1.0	0.7649	8	2	0.5	0.25	0	0.0841
7955	0.0	1.0	0.3972	6	3	1.0	0.5	0	0.0057
7955	0.0	1.0	0.8031	7	1	0.29	0.286	0	0.2063
7955	0.0	1.0	1.2956	7	3	0.86	0.429	0	0.0011
7955	0.0	1.0	0.4211	7	2	0.57	0.286	0	0.0115
7955	0.0	1.0	0.6764	6	4	1.33	0.556	0	4.32e-05
7955	0.0	1.0	0.6947	8	0	0.0	0.0	0	1.0
7955	0.0	1.0	0.9823	7	0	0.0	0.0	0	1.0
7955	0.0	1.0	0.4620	6	1	0.33	0.333	0	0.222
7955	0.0	1.0	0.6342	5	2	0.8	0.4	0	0.0022
7955	0.0	1.0	0.6926	7	2	0.57	0.286	0	0.0512
7955	0.0	1.0	0.4518	7	1	0.29	0.286	1	0.5444
7955	0.0	1.0	0.6744	7	0	0.0	0.0	1	1.0
7955	0.0	1.0	0.7626	6	1	0.33	0.333	1	0.6397
7955	0.0	1.0	0.6275	7	1	0.29	0.286	0	0.138
7955	0.0	1.0	0.3904	6	2	0.67	0.333	0	0.0213
7955	0.0	1.0	0.5514	7	2	0.57	0.286	0	0.0276
7955	0.0	1.0	1.0655	7	0	0.0	0.0	0	1.0
7955	0.0	1.0	0.4857	7	3	0.86	0.571	1	0.1089
7955	0.0	1.0	1.0625	6	0	0.0	0.0	1	1.0
7955	0.0	1.0	0.3509	6	1	0.33	0.333	0	0.2337
7955	0.0	1.0	0.7498	8	2	0.5	0.5	0	0.046
7955	0.0	1.0	0.7390	7	0	0.0	0.0	0	1.0
7955	0.0	1.0	0.9787	8	3	0.75	0.25	1	0.0762
7955	0.0	1.0	0.7645	7	1	0.29	0.286	0	0.3229
7955	0.0	1.0	0.8340	6	1	0.33	0.333	0	0.3358
7955	0.0	1.0	1.1435	6	1	0.33	0.333	0	0.1614
7955	0.0	1.0	1.0652	6	1	0.33	0.333	0	0.1314
7955	0.0	1.0	0.8258	7	2	0.57	0.286	1	0.1
7955	0.0	1.0	0.7882	7	1	0.29	0.286	0	0.3025
7955	0.0	1.0	0.6037	7	3	0.86	0.429	0	0.00068
7955	0.0	1.0	0.5142	6	0	0.0	0.0	1	1.0
7955	0.0	1.0	0.9540	7	2	0.57	0.286	0	0.0297
7955	0.0	1.0	0.6101	7	0	0.0	0.0	0	1.0
7955	0.0	1.0	0.6232	7	1	0.29	0.286	0	0.221
7955	0.0	1.0	0.8625	8	3	0.75	0.375	0	0.0125
7955	0.0	1.0	0.4263	6	2	0.67	0.333	1	0.1412
7955	0.0	1.0	0.8324	6	0	0.0	0.0	0	1.0
7955	0.0	1.0	1.1657	7	0	0.0	0.0	0	1.0
7955	0.0	1.0	0.7554	7	5	1.43	0.524	1	0.0098
7955	0.0	1.0	1.1208	6	2	0.67	0.333	0	0.0027
7955	0.0	1.0	0.5491	8	1	0.25	0.25	0	0.2075
7955	0.0	1.0	0.9501	8	8	2.0	0.417	0	7.66e-09
7955	0.0	1.0	0.7198	7	1	0.29	0.286	0	0.1938
7955	0.0	1.0	1.0847	5	1	0.4	0.4	0	0.0242
7955	0.0	1.0	0.8001	8	1	0.25	0.25	0	0.2677
7955	0.0	1.0	0.7803	7	0	0.0	0.0	0	1.0
7955	0.0	1.0	0.5579	8	3	0.75	0.25	0	0.0013
7955	0.0	1.0	0.7676	8	2	0.5	0.25	0	0.0335
7955	0.0	1.0	1.0420	7	1	0.29	0.286	0	0.173
7955	0.0	1.0	0.3363	6	2	0.67	0.333	0	0.0411
7955	0.0	1.0	0.6336	8	1	0.25	0.25	0	0.3034
7955	0.0	1.0	0.9312	6	2	0.67	0.333	0	0.0094
7955	0.0	1.0	0.8478	8	2	0.5	0.25	0	0.0181
7955	0.0	1.0	0.8376	7	4	1.14	0.429	0	3.86e-06
7955	0.0	1.0	0.6021	7	3	0.86	0.286	0	0.00062
7955	0.0	1.0	0.9387	7	1	0.29	0.286	0	0.1847
7955	0.0	1.0	0.3110	7	3	0.86	0.286	1	0.0841
7955	0.0	1.0	0.4923	6	2	0.67	0.333	1	0.3317
7955	0.0	1.0	0.8464	6	0	0.0	0.0	0	1.0
7955	0.0	1.0	1.0542	7	4	1.14	0.571	0	9.97e-05
7955	0.0	1.0	0.5723	7	3	0.86	0.571	0	0.00027
7955	0.0	1.0	0.8113	8	1	0.25	0.25	1	0.4516
7955	0.0	1.0	0.7654	8	4	1.0	0.5	1	0.0155
7955	0.0	1.0	0.9522	8	2	0.5	0.5	0	0.0128
7955	0.0	1.0	0.7064	7	0	0.0	0.0	0	1.0
7955	0.0	1.0	0.4828	7	5	1.43	0.476	1	0.016
7955	0.0	1.0	0.7239	6	0	0.0	0.0	0	1.0
7955	0.0	1.0	0.7311	8	2	0.5	0.5	0	0.0258
7955	0.0	1.0	0.6405	7	5	1.43	0.524	0	3.06e-05
7955	0.0	1.0	0.3497	6	1	0.33	0.333	1	0.4582
7955	0.0	1.0	0.4380	7	2	0.57	0.571	0	0.0306
7955	0.0	1.0	0.8675	7	1	0.29	0.286	0	0.1184
7955	0.0	1.0	0.8189	7	1	0.29	0.286	1	0.4242
7955	0.0	1.0	0.8893	8	2	0.5	0.5	0	0.0031
7955	0.0	1.0	0.9146	4	1	0.5	0.5	0	0.2664
7955	0.0	1.0	0.6311	7	0	0.0	0.0	0	1.0
7955	0.0	1.0	0.4259	7	1	0.29	0.286	0	0.397
7955	0.0	1.0	0.9721	7	2	0.57	0.286	1	0.1619
7955	0.0	1.0	0.5525	7	5	1.43	0.429	1	0.0118
7955	0.0	1.0	0.7036	7	2	0.57	0.286	0	0.0047
7955	0.0	1.0	0.7233	8	1	0.25	0.25	1	0.4195
7955	0.0	1.0	0.6990	7	2	0.57	0.571	0	0.0017
7955	0.0	1.0	0.8428	7	2	0.57	0.286	0	0.0205
7955	0.0	1.0	0.7534	7	1	0.29	0.286	0	0.1494
7955	0.0	1.0	0.6870	8	1	0.25	0.25	1	0.5781
7955	0.0	1.0	0.6596	7	3	0.86	0.286	0	0.0058
7955	0.0	1.0	0.8314	7	5	1.43	0.476	0	2.82e-06
7955	0.0	1.0	0.5606	8	3	0.75	0.25	0	0.0044
7955	0.0	1.0	0.1808	5	1	0.4	0.4	0	0.1507
7955	0.0	1.0	0.8799	8	3	0.75	0.25	1	0.0538
7955	0.0	1.0	0.4646	7	1	0.29	0.286	0	0.2261
7955	0.0	1.0	1.0746	6	2	0.67	0.333	0	0.0065
7955	0.0	1.0	1.2315	6	0	0.0	0.0	0	1.0
7955	0.0	1.0	0.7212	8	4	1.0	0.375	1	0.0178
7955	0.0	1.0	0.3014	6	2	0.67	0.333	1	0.2074
7955	0.0	1.0	1.0419	8	1	0.25	0.25	0	0.1496
7955	0.0	1.0	0.8324	7	0	0.0	0.0	0	1.0
7955	0.0	1.0	0.7800	8	0	0.0	0.0	0	1.0
7955	0.0	1.0	0.8047	7	2	0.57	0.286	0	0.028
7955	0.0	1.0	0.9875	7	1	0.29	0.286	0	0.1199
7955	0.0	1.0	0.9162	8	2	0.5	0.5	0	0.0244
7955	0.0	1.0	0.5835	6	0	0.0	0.0	0	1.0
7955	0.0	1.0	0.5756	8	2	0.5	0.25	1	0.4014
7955	0.0	1.0	0.4764	8	3	0.75	0.5	1	0.0965
7955	0.0	1.0	0.9049	7	1	0.29	0.286	0	0.1191
7955	0.0	1.0	0.6675	7	2	0.57	0.571	1	0.2569
7955	0.0	1.0	0.6635	7	1	0.29	0.286	0	0.3181
7955	0.0	1.0	0.4281	7	1	0.29	0.286	0	0.2436
7955	0.0	1.0	0.9610	7	1	0.29	0.286	0	0.1124
7955	0.0	1.0	0.4008	8	4	1.0	0.75	1	0.0293
7955	0.0	1.0	0.9946	6	2	0.67	0.667	0	0.0028
7955	0.0	1.0	0.8922	5	0	0.0	0.0	0	1.0
7955	0.0	1.0	0.4688	6	1	0.33	0.333	0	0.1496
7955	0.0	1.0	0.7500	8	0	0.0	0.0	0	1.0
7955	0.0	1.0	0.7953	7	0	0.0	0.0	0	1.0
7955	0.0	1.0	0.5782	8	3	0.75	0.75	0	0.0036
7955	0.0	1.0	1.1477	7	1	0.29	0.286	0	0.12
7955	0.0	1.0	0.7847	7	0	0.0	0.0	0	1.0
7955	0.0	1.0	0.7135	6	0	0.0	0.0	0	1.0
7955	0.0	1.0	0.2696	6	2	0.67	0.667	1	0.1818
7955	0.0	1.0	0.6540	8	0	0.0	0.0	1	1.0
7955	0.0	1.0	0.6459	7	2	0.57	0.286	0	0.0349
7955	0.0	1.0	1.1144	7	1	0.29	0.286	0	0.1911
7955	0.0	1.0	0.7486	8	2	0.5	0.25	0	0.0584
7955	0.0	1.0	1.0720	7	1	0.29	0.286	0	0.0592
7955	0.0	1.0	0.4879	7	3	0.86	0.857	1	0.0591
7955	0.0	1.0	0.8375	7	3	0.86	0.429	0	0.0137
7955	0.0	1.0	0.9550	7	1	0.29	0.286	0	0.1523
7955	0.0	1.0	0.7159	7	1	0.29	0.286	0	0.153
7955	0.0	1.0	0.6622	8	3	0.75	0.25	0	0.0017
7955	0.0	1.0	0.8191	7	3	0.86	0.429	0	0.0017
7955	0.0	1.0	0.9595	4	0	0.0	0.0	0	1.0
7955	0.0	1.0	0.9714	8	1	0.25	0.25	0	0.2231
7955	0.0	1.0	0.7496	8	2	0.5	0.25	0	0.0293
7955	0.0	1.0	0.8327	8	4	1.0	0.375	0	0.00039
7955	0.0	1.0	1.1565	5	1	0.4	0.4	0	0.3396
7955	0.0	1.0	0.6659	8	0	0.0	0.0	0	1.0
7955	0.0	1.0	0.6693	8	5	1.25	0.5	1	0.0065
7955	0.0	1.0	0.6049	8	2	0.5	0.25	0	0.0524
7955	0.0	1.0	0.9092	7	2	0.57	0.571	0	0.0071
7955	0.0	1.0	0.7166	7	1	0.29	0.286	1	0.5247
7955	0.0	1.0	0.6041	8	2	0.5	0.25	0	0.0127
7955	0.0	1.0	0.8762	7	3	0.86	0.286	0	0.0051
7227	0.0	1.0	0.5047	6	1	0.33	0.333	0	0.0215
7227	0.0	1.0	1.4188	7	1	0.29	0.286	0	0.0198
7227	0.0	1.0	0.6298	6	0	0.0	0.0	0	1.0
7227	0.0	1.0	1.6316	6	1	0.33	0.333	0	0.1123
7227	0.0	1.0	0.9842	6	2	0.67	0.667	0	0.00027
7227	0.0	1.0	1.0615	7	1	0.29	0.286	0	0.1078
7227	0.0	1.0	0.8354	5	0	0.0	0.0	0	1.0
7227	0.0	1.0	1.4958	5	1	0.4	0.4	0	0.0132
7227	0.0	1.0	1.1046	6	1	0.33	0.333	0	0.0148
7227	0.0	1.0	0.6261	7	1	0.29	0.286	0	0.1271
7227	0.0	1.0	1.1548	8	2	0.5	0.25	0	0.00042
7227	0.0	1.0	1.5787	6	1	0.33	0.333	0	0.0179
7227	0.0	1.0	1.1583	7	2	0.57	0.571	0	0.00039
7227	0.0	1.0	0.5715	7	1	0.29	0.286	0	0.1247
7227	0.0	1.0	0.8026	8	0	0.0	0.0	0	1.0
7227	0.0	1.0	1.1505	6	1	0.33	0.333	0	0.0291
7227	0.0	1.0	0.7536	7	1	0.29	0.286	0	0.0253
7227	0.0	1.0	1.6190	6	1	0.33	0.333	0	0.0171
7227	0.0	1.0	0.3801	5	3	1.2	0.6	0	8.55e-07
7227	0.0	1.0	1.3299	7	1	0.29	0.286	0	0.1138
7227	0.0	1.0	0.8671	5	0	0.0	0.0	0	1.0
7227	0.0	1.0	0.7686	7	1	0.29	0.286	0	0.1313
7227	0.0	1.0	1.2585	6	1	0.33	0.333	0	0.0992
7227	0.0	1.0	0.8151	4	1	0.5	0.5	0	0.0094
7227	0.0	1.0	0.6667	5	1	0.4	0.4	0	0.0223
7227	0.0	1.0	0.7796	4	0	0.0	0.0	0	1.0
7227	0.0	1.0	1.0971	8	2	0.5	0.5	0	0.00066
7227	0.0	1.0	1.4101	6	1	0.33	0.333	0	0.0983
7227	0.0	1.0	0.9811	6	1	0.33	0.333	0	0.1261
7227	0.0	1.0	0.3824	7	1	0.29	0.286	0	0.0991
7227	0.0	1.0	0.9179	6	1	0.33	0.333	0	0.0206
7227	0.0	1.0	1.3909	4	1	0.5	0.5	0	0.0083
7227	0.0	1.0	0.7858	7	2	0.57	0.571	0	0.0144
7227	0.0	1.0	1.2918	8	2	0.5	0.5	0	0.0011
7227	0.0	1.0	0.9147	7	0	0.0	0.0	0	1.0
7227	0.0	1.0	1.2547	6	1	0.33	0.333	0	0.0416
7227	0.0	1.0	1.2661	6	1	0.33	0.333	0	0.016
7227	0.0	1.0	0.4073	4	1	0.5	0.5	0	0.0431
7227	0.0	1.0	1.2775	7	2	0.57	0.571	0	0.00099
7227	0.0	1.0	1.2490	6	1	0.33	0.333	0	0.0203
7227	0.0	1.0	1.2434	5	1	0.4	0.4	0	0.1214
7227	0.0	1.0	0.8257	7	2	0.57	0.571	0	0.0082
7227	0.0	1.0	1.0967	7	2	0.57	0.571	0	0.00042
7227	0.0	1.0	0.5824	6	0	0.0	0.0	0	1.0
7227	0.0	1.0	1.3984	6	1	0.33	0.333	0	0.0733
7227	0.0	1.0	1.2609	7	2	0.57	0.571	0	0.00054
7227	0.0	1.0	1.7083	5	2	0.8	0.4	0	0.00012
7227	0.0	1.0	1.4889	5	1	0.4	0.4	0	0.014
7227	0.0	1.0	1.3750	5	1	0.4	0.4	0	0.0145
7227	0.0	1.0	0.7937	8	1	0.25	0.25	0	0.1567
7227	0.0	1.0	0.6274	7	0	0.0	0.0	0	1.0
7227	0.0	1.0	1.3815	6	1	0.33	0.333	0	0.0904
7227	0.0	1.0	0.5984	6	1	0.33	0.333	0	0.0273
7227	0.0	1.0	0.8891	8	0	0.0	0.0	0	1.0
7227	0.0	1.0	0.3187	6	2	0.67	0.667	0	0.00012
7227	0.0	1.0	0.8556	5	0	0.0	0.0	0	1.0
7227	0.0	1.0	0.8530	6	0	0.0	0.0	0	1.0
7227	0.0	1.0	1.1534	5	0	0.0	0.0	0	1.0
7227	0.0	1.0	1.4812	7	2	0.57	0.571	0	0.00045
7227	0.0	1.0	0.3003	6	0	0.0	0.0	0	1.0
7227	0.0	1.0	0.8786	8	2	0.5	0.25	0	0.0146
7227	0.0	1.0	1.1868	6	2	0.67	0.333	0	0.0051
7227	0.0	1.0	1.3772	8	2	0.5	0.5	0	0.00076
7227	0.0	1.0	1.8869	4	0	0.0	0.0	0	1.0
7227	0.0	1.0	0.4777	6	1	0.33	0.333	0	0.0161
7227	0.0	1.0	0.4426	6	1	0.33	0.333	0	0.0714
7227	0.0	1.0	0.5444	5	0	0.0	0.0	0	1.0
7227	0.0	1.0	0.5216	6	0	0.0	0.0	0	1.0
7227	0.0	1.0	1.4798	6	1	0.33	0.333	0	0.0256
7227	0.0	1.0	0.9797	6	3	1.0	0.5	0	9e-06
7227	0.0	1.0	1.2092	7	1	0.29	0.286	0	0.0981
7227	0.0	1.0	1.2699	8	2	0.5	0.5	0	0.00031
7227	0.0	1.0	0.7411	6	0	0.0	0.0	0	1.0
7227	0.0	1.0	1.3321	6	1	0.33	0.333	0	0.0267
7227	0.0	1.0	0.3668	5	1	0.4	0.4	0	0.0114
7227	0.0	1.0	1.4705	7	1	0.29	0.286	0	0.0196
7227	0.0	1.0	1.3135	4	0	0.0	0.0	0	1.0
7227	0.0	1.0	1.7567	6	2	0.67	0.667	0	0.00014
7227	0.0	1.0	0.7311	6	1	0.33	0.333	0	0.0282
7227	0.0	1.0	0.9401	7	1	0.29	0.286	0	0.1077
7227	0.0	1.0	1.0514	8	1	0.25	0.25	0	0.031
7227	0.0	1.0	1.0454	7	1	0.29	0.286	0	0.0161
7227	0.0	1.0	0.8859	6	0	0.0	0.0	0	1.0
7227	0.0	1.0	1.3699	6	1	0.33	0.333	0	0.0215
7227	0.0	1.0	1.0711	8	1	0.25	0.25	0	0.0304
7227	0.0	1.0	0.4830	6	0	0.0	0.0	0	1.0
7227	0.0	1.0	0.8651	8	0	0.0	0.0	0	1.0
7227	0.0	1.0	0.6591	7	1	0.29	0.286	0	0.1203
7227	0.0	1.0	0.8602	6	0	0.0	0.0	0	1.0
7227	0.0	1.0	1.3309	7	4	1.14	0.714	0	1.8e-07
7227	0.0	1.0	1.3390	6	1	0.33	0.333	0	0.0187
7227	0.0	1.0	0.7669	6	1	0.33	0.333	0	0.015
7227	0.0	1.0	1.0519	6	0	0.0	0.0	0	1.0
7227	0.0	1.0	1.1394	6	0	0.0	0.0	0	1.0
7227	0.0	1.0	1.1174	7	1	0.29	0.286	0	0.0293
7227	0.0	1.0	1.7297	4	1	0.5	0.5	0	0.0605
7227	0.0	1.0	1.5035	6	0	0.0	0.0	0	1.0
7227	0.0	1.0	1.1523	6	0	0.0	0.0	0	1.0
7227	0.0	1.0	0.7560	5	1	0.4	0.4	0	0.0232
7227	0.0	1.0	1.3822	7	1	0.29	0.286	0	0.0293
7227	0.0	1.0	0.8091	7	2	0.57	0.571	0	0.00067
7227	0.0	1.0	0.9484	5	0	0.0	0.0	0	1.0
7227	0.0	1.0	1.1543	6	0	0.0	0.0	0	1.0
7227	0.0	1.0	0.6922	6	2	0.67	0.667	0	0.00034
7227	0.0	1.0	0.6834	5	0	0.0	0.0	0	1.0
7227	0.0	1.0	0.9362	6	5	1.67	0.556	0	6.69e-07
7227	0.0	1.0	1.0104	8	0	0.0	0.0	0	1.0
7227	0.0	1.0	0.8217	7	1	0.29	0.286	0	0.0225
7227	0.0	1.0	1.0617	7	2	0.57	0.571	0	0.00033
7227	0.0	1.0	0.9522	6	1	0.33	0.333	0	0.0246
7227	0.0	1.0	0.8803	7	2	0.57	0.286	0	0.0107
7227	0.0	1.0	0.6685	5	1	0.4	0.4	0	0.0178
7227	0.0	1.0	1.0519	5	0	0.0	0.0	0	1.0
7227	0.0	1.0	1.0036	6	1	0.33	0.333	0	0.0333
7227	0.0	1.0	0.7388	4	1	0.5	0.5	0	0.0119
7227	0.0	1.0	1.1511	7	2	0.57	0.571	0	0.0094
7227	0.0	1.0	1.1022	7	0	0.0	0.0	0	1.0
7227	0.0	1.0	1.2840	6	1	0.33	0.333	0	0.0152
7227	0.0	1.0	1.1704	6	2	0.67	0.667	0	0.00049
7227	0.0	1.0	1.5209	5	1	0.4	0.4	0	0.0146
7227	0.0	1.0	0.7468	5	1	0.4	0.4	0	0.012
7227	0.0	1.0	1.4804	7	2	0.57	0.286	0	0.0004
7227	0.0	1.0	1.0141	6	0	0.0	0.0	0	1.0
7227	0.0	1.0	1.1543	6	2	0.67	0.333	0	0.00028
7227	0.0	1.0	1.2096	6	1	0.33	0.333	0	0.0173
7227	0.0	1.0	0.8554	4	0	0.0	0.0	0	1.0
7227	0.0	1.0	1.1000	8	2	0.5	0.5	0	0.0011
7227	0.0	1.0	0.6456	7	0	0.0	0.0	0	1.0
7227	0.0	1.0	0.2999	5	1	0.4	0.4	0	0.0596
7227	0.0	1.0	0.7948	8	6	1.5	0.667	0	6.19e-08
7227	0.0	1.0	0.9633	6	0	0.0	0.0	0	1.0
7227	0.0	1.0	0.6957	6	1	0.33	0.333	0	0.0151
7227	0.0	1.0	0.9728	8	2	0.5	0.5	0	0.0137
7227	0.0	1.0	1.3975	6	2	0.67	0.667	0	0.00032
7227	0.0	1.0	0.5775	6	2	0.67	0.667	0	0.00024
7227	0.0	1.0	0.7967	7	1	0.29	0.286	0	0.0205
7227	0.0	1.0	1.0059	5	1	0.4	0.4	0	0.0051
7227	0.0	1.0	0.7666	7	0	0.0	0.0	0	1.0
7227	0.0	1.0	1.4049	6	2	0.67	0.667	0	0.00058
7227	0.0	1.0	1.5097	7	2	0.57	0.571	0	0.00055
7227	0.0	1.0	1.2895	8	3	0.75	0.75	0	1.1e-05
7227	0.0	1.0	0.8925	7	2	0.57	0.571	0	0.00057
7227	0.0	1.0	0.8174	7	1	0.29	0.286	0	0.1256
7227	0.0	1.0	0.8607	7	0	0.0	0.0	0	1.0
7227	0.0	1.0	1.1539	6	1	0.33	0.333	0	0.0744
7227	0.0	1.0	0.8537	6	0	0.0	0.0	0	1.0
7227	0.0	1.0	1.0675	8	4	1.0	0.625	0	7.27e-07
7227	0.0	1.0	0.7271	5	1	0.4	0.4	0	0.1021
7227	0.0	1.0	1.2339	6	1	0.33	0.333	0	0.021
7227	0.0	1.0	1.0494	6	1	0.33	0.333	0	0.0307
7227	0.0	1.0	0.4214	5	1	0.4	0.4	0	0.0698
7227	0.0	1.0	0.6376	6	1	0.33	0.333	0	0.0232
7227	0.0	1.0	1.6761	6	0	0.0	0.0	0	1.0
7227	0.0	1.0	1.2856	5	2	0.8	0.4	0	0.0061
7227	0.0	1.0	0.8605	6	1	0.33	0.333	0	0.0209
7227	0.0	1.0	1.0228	6	0	0.0	0.0	0	1.0
7227	0.0	1.0	0.8145	7	2	0.57	0.571	0	0.00069
7227	0.0	1.0	1.2399	8	1	0.25	0.25	0	0.1128
7227	0.0	1.0	0.9571	7	1	0.29	0.286	0	0.0363
7227	0.0	1.0	0.7391	6	2	0.67	0.333	0	0.0085
7227	0.0	1.0	0.4695	7	2	0.57	0.571	0	0.0003
7227	0.0	1.0	0.8711	8	1	0.25	0.25	0	0.0286
7227	0.0	1.0	0.6937	7	0	0.0	0.0	0	1.0
7227	0.0	1.0	0.7359	6	3	1.0	0.5	0	3.05e-06
7227	0.0	1.0	0.8966	7	1	0.29	0.286	0	0.0347
7227	0.0	1.0	0.5596	6	3	1.0	0.5	0	0.00037
7227	0.0	1.0	0.9359	8	1	0.25	0.25	0	0.1299
7227	0.0	1.0	0.5395	7	1	0.29	0.286	0	0.1026
7227	0.0	1.0	1.2368	6	1	0.33	0.333	0	0.0228
7227	0.0	1.0	0.6206	7	1	0.29	0.286	0	0.1232
7227	0.0	1.0	0.4075	6	1	0.33	0.333	0	0.0189
7227	0.0	1.0	0.8275	6	0	0.0	0.0	0	1.0
7227	0.0	1.0	1.1900	6	0	0.0	0.0	0	1.0
7227	0.0	1.0	1.0529	6	2	0.67	0.333	0	0.0068
7227	0.0	1.0	0.9960	6	0	0.0	0.0	0	1.0
7227	0.0	1.0	0.8470	7	0	0.0	0.0	0	1.0
7227	0.0	1.0	0.5667	5	1	0.4	0.4	0	0.0769
7227	0.0	1.0	0.9052	7	1	0.29	0.286	0	0.0114
7227	0.0	1.0	1.1284	7	0	0.0	0.0	0	1.0
7227	0.0	1.0	1.3369	7	2	0.57	0.571	0	0.0077
7227	0.0	1.0	1.5188	7	0	0.0	0.0	0	1.0
7227	0.0	1.0	1.0323	8	0	0.0	0.0	0	1.0
7227	0.0	1.0	1.3913	6	1	0.33	0.333	0	0.025
7227	0.0	1.0	1.1648	6	0	0.0	0.0	0	1.0
7227	0.0	1.0	1.5839	5	0	0.0	0.0	0	1.0
7227	0.0	1.0	2.0405	5	1	0.4	0.4	0	0.0192
7227	0.0	1.0	1.1643	8	2	0.5	0.5	0	0.0182
7227	0.0	1.0	0.9990	7	1	0.29	0.286	0	0.0246
7227	0.0	1.0	0.7521	7	0	0.0	0.0	0	1.0
7227	0.0	1.0	0.5311	7	3	0.86	0.429	0	0.00051
7227	0.0	1.0	0.9022	5	1	0.4	0.4	0	0.0129
7227	0.0	1.0	0.9922	6	1	0.33	0.333	0	0.1203
7227	0.0	1.0	1.4889	7	1	0.29	0.286	0	0.0327
7227	0.0	1.0	0.5233	6	1	0.33	0.333	0	0.0991
7227	0.0	1.0	1.2816	6	2	0.67	0.667	0	0.005
7227	0.0	1.0	0.8208	6	3	1.0	0.5	0	0.00025
7227	0.0	1.0	1.1805	7	4	1.14	0.714	0	1.23e-07
7227	0.0	1.0	0.9832	7	3	0.86	0.429	0	0.00075
7227	0.0	1.0	1.0572	8	3	0.75	0.5	0	0.00077
7227	0.0	1.0	1.1414	7	0	0.0	0.0	0	1.0
7227	0.0	1.0	1.4433	6	2	0.67	0.667	0	0.005
7227	0.0	1.0	1.0966	6	1	0.33	0.333	0	0.025
7227	0.0	1.0	1.2910	8	3	0.75	0.5	0	0.00075
7227	0.0	1.0	1.3057	5	1	0.4	0.4	0	0.0641
7227	0.0	1.0	1.1669	7	0	0.0	0.0	0	1.0
7227	0.0	1.0	0.5326	6	1	0.33	0.333	0	0.112
7227	0.0	1.0	0.8014	7	0	0.0	0.0	0	1.0
7227	0.0	1.0	1.5787	6	0	0.0	0.0	0	1.0
7227	0.0	1.0	1.1377	8	3	0.75	0.5	0	0.00061
7227	0.0	1.0	0.2642	7	2	0.57	0.571	0	0.0059
7227	0.0	1.0	0.5821	5	0	0.0	0.0	0	1.0
7227	0.0	1.0	1.3222	7	2	0.57	0.571	0	0.0006
7227	0.0	1.0	0.8961	8	1	0.25	0.25	0	0.0382
7227	0.0	1.0	1.0898	5	0	0.0	0.0	0	1.0
7227	0.0	1.0	0.9017	5	1	0.4	0.4	0	0.0121
7227	0.0	1.0	1.2674	7	1	0.29	0.286	0	0.112
7227	0.0	1.0	1.4234	6	0	0.0	0.0	0	1.0
7227	0.0	1.0	2.0149	4	0	0.0	0.0	0	1.0
7227	0.0	1.0	0.9173	7	1	0.29	0.286	0	0.1108
7227	0.0	1.0	0.8685	7	3	0.86	0.571	0	0.00036
7227	0.0	1.0	0.7221	6	0	0.0	0.0	0	1.0
7227	0.0	1.0	1.2270	7	2	0.57	0.571	0	0.009
7227	0.0	1.0	1.1910	6	3	1.0	0.5	0	5.72e-06
7227	0.0	1.0	1.4440	6	0	0.0	0.0	0	1.0
7227	0.0	1.0	0.6629	7	0	0.0	0.0	0	1.0
7227	0.0	1.0	1.5208	7	2	0.57	0.286	0	0.00018
7227	0.0	1.0	0.8368	7	1	0.29	0.286	0	0.0213
7227	0.0	1.0	1.2977	7	1	0.29	0.286	0	0.0194
7227	0.0	1.0	1.1469	5	0	0.0	0.0	0	1.0
7227	0.0	1.0	1.0353	7	1	0.29	0.286	0	0.1006
7227	0.0	1.0	1.3978	5	1	0.4	0.4	0	0.0596
7227	0.0	1.0	1.3606	7	1	0.29	0.286	0	0.0205
7227	0.0	1.0	1.2619	6	1	0.33	0.333	0	0.0172
7227	0.0	1.0	0.8664	6	1	0.33	0.333	0	0.0276
7227	0.0	1.0	0.6407	6	3	1.0	0.5	0	0.00036
7227	0.0	1.0	0.9564	5	1	0.4	0.4	0	0.0673
7227	0.0	1.0	0.5112	8	0	0.0	0.0	0	1.0
7227	0.0	1.0	0.7657	7	1	0.29	0.286	0	0.1193
7227	0.0	1.0	0.8783	6	1	0.33	0.333	0	0.0852
7227	0.0	1.0	1.2001	7	1	0.29	0.286	0	0.1138
7227	0.0	1.0	1.0239	6	1	0.33	0.333	0	0.0268
7227	0.0	1.0	0.8525	7	4	1.14	0.714	0	1.67e-07
7227	0.0	1.0	0.6665	6	1	0.33	0.333	0	0.0264
7227	0.0	1.0	1.3071	5	1	0.4	0.4	0	0.0234
7227	0.0	1.0	1.2869	7	1	0.29	0.286	0	0.1257
7227	0.0	1.0	0.7910	5	0	0.0	0.0	0	1.0
7227	0.0	1.0	0.9078	6	1	0.33	0.333	0	0.0259
7227	0.0	1.0	1.3263	6	1	0.33	0.333	0	0.0279
7227	0.0	1.0	0.8012	5	0	0.0	0.0	0	1.0
7227	0.0	1.0	1.2672	7	2	0.57	0.571	0	0.0098
7227	0.0	1.0	0.9297	8	5	1.25	0.417	0	4.23e-06
7227	0.0	1.0	0.5579	7	3	0.86	0.429	0	0.00035
7227	0.0	1.0	1.1407	7	2	0.57	0.571	0	0.006
7227	0.0	1.0	0.7788	6	1	0.33	0.333	0	0.0636
7227	0.0	1.0	1.3509	7	1	0.29	0.286	0	0.0301
7227	0.0	1.0	0.6999	6	1	0.33	0.333	0	0.0277
7227	0.0	1.0	0.6209	6	1	0.33	0.333	0	0.0868
7227	0.0	1.0	1.2560	6	1	0.33	0.333	0	0.0253
7227	0.0	1.0	0.9213	7	1	0.29	0.286	0	0.0357
7227	0.0	1.0	0.4981	7	3	0.86	0.429	0	0.00029
7227	0.0	1.0	1.2434	8	2	0.5	0.25	0	0.0152
7227	0.0	1.0	0.5059	5	0	0.0	0.0	0	1.0
7227	0.0	1.0	0.6588	7	3	0.86	0.429	0	0.00052
7227	0.0	1.0	0.8024	6	0	0.0	0.0	0	1.0
7227	0.0	1.0	1.3274	6	0	0.0	0.0	0	1.0
7227	0.0	1.0	0.7329	7	1	0.29	0.286	0	0.0327
7227	0.0	1.0	0.8415	8	0	0.0	0.0	0	1.0
7227	0.0	1.0	0.6046	8	2	0.5	0.5	0	0.00057
7227	0.0	1.0	1.3514	7	0	0.0	0.0	0	1.0
7227	0.0	1.0	0.9070	8	2	0.5	0.5	0	0.0011
7227	0.0	1.0	1.0397	7	4	1.14	0.714	0	8.17e-08
7227	0.0	1.0	1.8333	6	2	0.67	0.667	0	0.00018
7227	0.0	1.0	1.0125	7	1	0.29	0.286	0	0.1251
7227	0.0	1.0	0.6788	7	0	0.0	0.0	0	1.0
7227	0.0	1.0	1.0561	6	1	0.33	0.333	0	0.0209
7227	0.0	1.0	1.2306	6	1	0.33	0.333	0	0.0199
7227	0.0	1.0	1.2660	6	0	0.0	0.0	0	1.0
7227	0.0	1.0	0.8996	7	2	0.57	0.571	0	0.0061
7227	0.0	1.0	0.8835	7	2	0.57	0.286	0	0.0104
7227	0.0	1.0	0.6700	7	2	0.57	0.286	0	0.0068
7227	0.0	1.0	0.9244	6	1	0.33	0.333	0	0.0258
7227	0.0	1.0	0.8596	6	2	0.67	0.333	0	0.0092
7227	0.0	1.0	1.1933	6	1	0.33	0.333	0	0.0959
7227	0.0	1.0	1.1704	8	1	0.25	0.25	0	0.041
7227	0.0	1.0	0.5051	5	0	0.0	0.0	0	1.0
7227	0.0	1.0	1.7315	5	1	0.4	0.4	0	0.085
7227	0.0	1.0	1.1913	5	0	0.0	0.0	0	1.0
7227	0.0	1.0	0.3259	6	1	0.33	0.333	0	0.022
7227	0.0	1.0	0.8641	5	1	0.4	0.4	0	0.0215
7227	0.0	1.0	0.9388	7	0	0.0	0.0	0	1.0
7227	0.0	1.0	1.4020	6	2	0.67	0.667	0	0.00037
7227	0.0	1.0	0.9599	6	2	0.67	0.667	0	0.00013
7227	0.0	1.0	1.4273	7	1	0.29	0.286	0	0.0291
7227	0.0	1.0	0.7330	5	0	0.0	0.0	0	1.0
7227	0.0	1.0	0.6310	6	1	0.33	0.333	0	0.1133
7227	0.0	1.0	1.3119	6	0	0.0	0.0	0	1.0
7227	0.0	1.0	0.9977	6	2	0.67	0.667	0	0.00037
7227	0.0	1.0	0.8309	6	1	0.33	0.333	0	0.0265
7227	0.0	1.0	1.1600	8	2	0.5	0.5	0	0.0148
7227	0.0	1.0	1.2321	6	0	0.0	0.0	0	1.0
7227	0.0	1.0	0.9438	7	0	0.0	0.0	0	1.0
7227	0.0	1.0	0.9590	8	2	0.5	0.5	0	0.0152
7227	0.0	1.0	0.8941	6	1	0.33	0.333	0	0.0592
7227	0.0	1.0	0.9372	6	2	0.67	0.667	0	0.00021
7227	0.0	1.0	0.9916	7	1	0.29	0.286	0	0.036
7227	0.0	1.0	1.4544	5	1	0.4	0.4	0	0.0079
7227	0.0	1.0	0.7195	8	2	0.5	0.5	0	0.00074
7227	0.0	1.0	1.1571	7	1	0.29	0.286	0	0.1448
7227	0.0	1.0	0.6958	4	3	1.5	0.75	0	7.73e-07
7227	0.0	1.0	1.3612	6	1	0.33	0.333	0	0.0142
7227	0.0	1.0	1.4155	5	0	0.0	0.0	0	1.0
7227	0.0	1.0	0.9507	8	1	0.25	0.25	0	0.1301
7227	0.0	1.0	0.7379	7	3	0.86	0.429	0	0.00025
7227	0.0	1.0	0.9606	7	2	0.57	0.571	0	0.00067
7227	0.0	1.0	0.9425	7	1	0.29	0.286	0	0.1292
7227	0.0	1.0	0.8862	6	2	0.67	0.333	0	0.0082
7227	0.0	1.0	1.1186	8	2	0.5	0.5	0	0.013
7227	0.0	1.0	0.8604	6	1	0.33	0.333	0	0.0278
7227	0.0	1.0	0.6718	5	5	2.0	0.667	0	2.69e-07
7227	0.0	1.0	0.9869	5	1	0.4	0.4	0	0.0132
7227	0.0	1.0	1.3386	7	1	0.29	0.286	0	0.1227
7227	0.0	1.0	0.4127	6	1	0.33	0.333	0	0.021
7227	0.0	1.0	0.7124	8	0	0.0	0.0	0	1.0
7227	0.0	1.0	0.8275	6	0	0.0	0.0	0	1.0
7227	0.0	1.0	0.8336	6	0	0.0	0.0	0	1.0
7227	0.0	1.0	1.2690	7	3	0.86	0.429	0	0.0011
7227	0.0	1.0	1.0633	6	3	1.0	0.5	0	5.02e-06
7227	0.0	1.0	0.5952	5	1	0.4	0.4	0	0.0977
7227	0.0	1.0	0.8492	5	0	0.0	0.0	0	1.0
7227	0.0	1.0	0.9568	8	1	0.25	0.25	0	0.0395
7227	0.0	1.0	0.6556	5	0	0.0	0.0	0	1.0
7227	0.0	1.0	1.4067	7	1	0.29	0.286	0	0.0195
7227	0.0	1.0	0.8419	6	1	0.33	0.333	0	0.0197
7227	0.0	1.0	0.5235	6	1	0.33	0.333	0	0.0817
7227	0.0	1.0	0.7794	7	4	1.14	0.714	0	9.66e-08
7227	0.0	1.0	0.7950	7	2	0.57	0.571	0	0.00035
7227	0.0	1.0	1.2995	7	2	0.57	0.571	0	0.00059
7227	0.0	1.0	1.1327	7	1	0.29	0.286	0	0.0383
7227	0.0	1.0	1.0123	6	0	0.0	0.0	0	1.0
7227	0.0	1.0	0.9249	8	4	1.0	0.625	0	1.64e-07
7227	0.0	1.0	0.5252	5	0	0.0	0.0	0	1.0
7227	0.0	1.0	1.4672	7	1	0.29	0.286	0	0.1503
7227	0.0	1.0	0.9693	5	0	0.0	0.0	0	1.0
7227	0.0	1.0	0.6080	7	1	0.29	0.286	0	0.0997
7227	0.0	1.0	0.6846	6	1	0.33	0.333	0	0.0939
7227	0.0	1.0	1.2183	6	0	0.0	0.0	0	1.0
7227	0.0	1.0	1.0942	8	4	1.0	0.625	0	7e-07
7227	0.0	1.0	1.2329	6	1	0.33	0.333	0	0.079
7227	0.0	1.0	1.1233	7	0	0.0	0.0	0	1.0
7227	0.0	1.0	1.1505	5	0	0.0	0.0	0	1.0
7227	0.0	1.0	0.6302	7	1	0.29	0.286	0	0.0241
7227	0.0	1.0	0.6010	5	0	0.0	0.0	0	1.0
7227	0.0	1.0	0.8223	7	1	0.29	0.286	0	0.1188
7227	0.0	1.0	1.9292	4	1	0.5	0.5	0	0.0147
7227	0.0	1.0	1.4889	6	2	0.67	0.667	0	0.00036
7227	0.0	1.0	0.7560	6	1	0.33	0.333	0	0.1243
7227	0.0	1.0	0.7273	5	0	0.0	0.0	0	1.0
7227	0.0	1.0	0.7832	6	1	0.33	0.333	0	0.1236
7227	0.0	1.0	1.0752	7	2	0.57	0.571	0	0.00045
7227	0.0	1.0	0.7471	6	1	0.33	0.333	0	0.0219
7227	0.0	1.0	1.1777	7	1	0.29	0.286	0	0.0339
7227	0.0	1.0	0.8755	8	0	0.0	0.0	0	1.0
7227	0.0	1.0	0.8567	7	1	0.29	0.286	0	0.0339
7227	0.0	1.0	0.9757	7	0	0.0	0.0	0	1.0
7227	0.0	1.0	1.0953	7	4	1.14	0.714	0	2.08e-05
7227	0.0	1.0	0.5595	5	0	0.0	0.0	0	1.0
7227	0.0	1.0	0.9875	8	4	1.0	0.625	0	2.6e-05
7227	0.0	1.0	0.9383	6	4	1.33	0.833	0	4.19e-08
7227	0.0	1.0	0.9497	6	0	0.0	0.0	0	1.0
7227	0.0	1.0	0.4881	5	0	0.0	0.0	0	1.0
7227	0.0	1.0	0.7983	6	1	0.33	0.333	0	0.0109
7227	0.0	1.0	0.9036	6	0	0.0	0.0	0	1.0
7227	0.0	1.0	0.8560	6	0	0.0	0.0	0	1.0
7227	0.0	1.0	1.4190	6	3	1.0	0.5	0	0.00029
7227	0.0	1.0	1.0200	4	0	0.0	0.0	0	1.0
7227	0.0	1.0	0.7737	7	5	1.43	0.476	0	5.97e-07
7227	0.0	1.0	0.9193	6	1	0.33	0.333	0	0.0231
7227	0.0	1.0	1.2891	7	1	0.29	0.286	0	0.0258
7227	0.0	1.0	1.3475	6	4	1.33	0.833	0	6.65e-08
7227	0.0	1.0	1.1299	6	0	0.0	0.0	0	1.0
7227	0.0	1.0	1.0456	8	3	0.75	0.75	0	9.83e-06
7227	0.0	1.0	0.9740	7	2	0.57	0.286	0	0.0085
7227	0.0	1.0	0.7945	7	1	0.29	0.286	0	0.026
7227	0.0	1.0	1.6650	5	0	0.0	0.0	0	1.0
7227	0.0	1.0	0.9292	5	1	0.4	0.4	0	0.0269
7227	0.0	1.0	1.0561	6	1	0.33	0.333	0	0.08
7227	0.0	1.0	1.4804	7	1	0.29	0.286	0	0.0267
7227	0.0	1.0	0.5865	7	3	0.86	0.429	0	0.00022
7227	0.0	1.0	0.5915	7	0	0.0	0.0	0	1.0
7227	0.0	1.0	0.6745	5	0	0.0	0.0	0	1.0
7227	0.0	1.0	0.8145	7	0	0.0	0.0	0	1.0
7227	0.0	1.0	0.7574	7	1	0.29	0.286	0	0.0247
7227	0.0	1.0	0.7453	7	3	0.86	0.571	0	0.0005
7227	0.0	1.0	1.5255	8	1	0.25	0.25	0	0.053
7227	0.0	1.0	1.0603	7	2	0.57	0.571	0	0.00046
7227	0.0	1.0	0.7052	6	1	0.33	0.333	0	0.0932
7227	0.0	1.0	0.9065	6	0	0.0	0.0	0	1.0
7227	0.0	1.0	1.1783	7	1	0.29	0.286	0	0.0268
7227	0.0	1.0	0.8793	7	1	0.29	0.286	0	0.0901
7227	0.0	1.0	1.4656	6	0	0.0	0.0	0	1.0
