Group ID	Average H/M	Total H/M	Hit Proteins	Total Proteins	Hit Species	Total Species	A. thaliana Total	C. elegans Total	D. melanogaster Total	D. rerio Total	H. sapiens Total	S. cerevisiae Total	S. pombe Total	A. thaliana Hit	C. elegans Hit	D. melanogaster Hit	D. rerio Hit	H. sapiens Hit	S. cerevisiae Hit	S. pombe Hit	
KOG0055	0.01098901098901099	0.03636363636363636	2	55	1	7	Q9SGY1,Q8H1R4,Q9FWX7,Q8LEF6,Q9FWX8,Q9C7F8,Q9C7F2,Q9LHD1,Q9LSJ8,Q9LSJ6,Q9C9W0,Q9LSJ5,Q9LJX0,Q9ZR72,Q9M3B9,Q9M1Q9,Q9LSJ2,Q8LPQ6,Q8LPK2,Q9SYI2,O80725,Q9SYI3,Q8LPT1,Q9FHF1,Q9M0M2,Q9AT00	P34712,P34713,G5EDF9,G5EG61,Q19015,Q18824,Q17645,Q19734,Q22656,Q19733,Q22655,G5EG03,G5EG58,Q20331	Q00449,Q00748,Q5BI62,Q9VRW2	F1R7A8,A0A0R4IVE7,F1QSX6,E7F1E3	Q2M3G0,O95342,P08183,P21439	P12866	P78966,P36619	Q9LJX0,Q9ZR72							
KOG1187	0.02857142857142857	0.003952569169960474	1	253	1	5	Q9LY50,Q9FIJ6,Q8RWW0,Q9SR05,Q3E8W4,Q94F62,O48814,Q9LUT0,Q9SGN7,Q9SV05,Q9LSE1,Q9FIL7,Q8VZJ9,Q9ASQ5,O65476,Q8GY82,Q9FIU5,Q9LFV3,Q9LYU7,Q93YN1,P27450,Q8LPG1,Q9SCZ4,Q9LX66,Q1PDW3,Q9M8S2,O48837,Q9STF0,Q9FHX3,Q9C6K9,P0C5E2,Q8VYG0,F4HQ17,F4I3V3,Q9FF31,F4KA50,F4KA51,F4HQ22,F4HQ20,D7SFH9,F4HQ23,Q3ECH2,Q9SGI7,Q8VYY5,P46573,P43293,O64842,F4JZW1,Q9SY91,Q9FM85,Q8H1E3,Q5XF79,Q9LTC0,Q8H186,F4JPX3,Q9LDZ5,Q9SFX0,F4JEQ2,Q1PE89,Q9LRY1,Q9SFT7,Q1PDV6,Q84M95,O49839,O49840,Q5PP29,Q9LQQ8,Q9SIB6,Q0WRY5,Q8GXZ3,Q06548,Q9FE20,Q9SF86,Q9LZF8,Q9C660,Q9SGY7,Q9ZUE0,Q9CAL8,O65530,Q9C821,Q9LV48,Q1PEM5,Q9ZNQ8,Q8GX23,Q9LS95,Q9XI96,Q9FFW5,Q9SX31,Q9SII6,Q9LFP7,Q8H1G6,O49339,B9DFG5,Q8H1D6,Q8RXC8,Q9ZUF4,P93050,Q9SKG5,Q8LPS5,Q6R2J8,Q9FMY3,Q8RWZ1,Q9LK35,Q9LMT9,Q0WNY5,Q8RY67,Q9M342,Q9LZM4,Q8GYF5,Q9LSV3,O04086,Q3EDL4,P0DKI6,Q9SA72,Q9FX99,Q9C823,O80795,Q9CAH1,Q9SYM9,Q0V7T5,Q9SAH3,Q9ASQ6,Q9SIZ4,P93749,Q9SJT0,O22187,Q9SJG2,O80623,Q3EBR4,O64639,Q8S8N4,O80719,Q9SRH7,Q9LRP3,Q9LYN6,Q9LSC2,Q9SV83,Q6NKZ9,Q9T020,Q9STJ8,O23082,Q94C25,Q9LFL7,Q3E8J4,Q8LEB6,Q9FLW0,Q9FID9,Q9FID6,Q9FID5,Q5XF57,Q9FN92,Q9FLJ8,Q9FL51,Q9FID8,Q8LGB6,O64798,Q0WSK8,Q9SVY5,Q9SVY6,Q8VZF4,A0A178VE74,Q9SVZ0,F4J3H7,B5X4Z9,Q9LVN9,O64619,Q9FIH3,Q9SX57,Q9LIC9,Q9LVG6,Q0WSF6,A4FVS9,F4I5M8,Q9LZT8,Q8LGB4,Q9FGG7,Q9C706,O22764,Q0WVJ0,Q9FLR9,Q8VZG4,F4JM74,Q8LDB7,Q9LT87,Q681A5,F4JDN8,Q7Y229,Q9LVG5,Q9LYS5,Q8L617,Q8GX94,F4HWU0,Q8H0Z8,Q67YR4,Q9FNL4,Q9M1Q2,Q9LFL6,Q8LF75,Q9FLI2,Q9S9J9,Q9SVD4,Q9C9Y3,Q8L8Y2,Q9SVY4,Q8VYG5,F4I0Z0,Q9C890,Q7FK55,O49338,O81064,Q7Y224,Q9FGC3,Q9C8H4,Q8GXZ5,Q9FZI4,Q8L7V7,Q9CAL9,F4IXL0,F4JZQ6,F4IB71,F4HQ34,F4JI10,F4K946,F4J5Y7,F4JWD4,F4IQ85,F4K3J7,F4HX16,F4KI00,F4HYK7,F4JTH2,B3H5W4,F4IRL7,F4I6W7,F4J0D2	G5ECP4	Q05652,Q8IR79	Q6DG29,B3DIV5,E7FB16,A0A0R4IP49,F6NJE2,F1QBU5,E7F9N2,B0UYS2	P51617,O43187,Q9Y616,Q9NWZ3,P53667,P53671,Q504Y2							P53667			
KOG1600	0.02040816326530612	0.04	1	25	1	7	O65797,Q9SID2,Q9LVZ3,Q949X0,Q9LND9,Q9LND8,Q9FPD5,Q9LMI4,Q9LMI3	G5ED44,G5EGN2,G5EGH6	Q9VFX5,Q7K4Y0,Q9VA94,Q9VA92,Q9VG68,Q9VA93,Q9VTD4	F1QG70,Q501V8	Q86SK9,O00767	P21147	O94523			Q7K4Y0					
KOG0800	0.005714285714285714	0.003401360544217687	1	294	1	7	Q8RXD3,P0CH01,P0CH02,P0C034,Q84W40,Q9SL78,Q940Q4,Q9M0C3,Q9SK92,Q9LSW9,Q8LF65,Q9SZL4,Q9C919,P93823,Q9C7E9,Q9SKK8,Q8L9W3,Q6NKR1,O49691,Q8L9T5,Q9FIR0,Q8LGA5,Q8W571,O80927,Q9C7I1,Q9M0R6,Q9M0R5,Q9M0R4,O64762,Q9M0R7,Q9XF63,Q9SLC4,Q9SLC3,Q5XF85,Q5EAE9,O22755,Q9ZT49,Q9FL07,Q8GW38,Q7X843,Q9ZV53,Q9LY41,Q9FHG8,Q9SRQ8,Q9LF64,P0C041,Q8LFY8,Q9LX93,Q9ZV51,Q9SJJ7,Q570X5,Q9SN27,Q9LZJ6,P0C035,Q9LUL6,Q9LJL6,Q9LUZ9,O22255,Q67YI6,Q9SRM0,O82353,Q9M313,Q9FL42,Q8RXX9,Q8RX29,Q9FG21,Q9SG96,Q9FLC6,Q9LZV8,Q94BY6,Q6NML0,Q9LS99,Q6NQG7,Q9FGJ6,Q9SN28,Q9LM69,Q9LQM2,Q8LC69,O64763,Q9LT17,Q8L649,Q9XF92,Q9SPL2,Q9ZQF9,O49500,Q9LQX2,Q8GT75,Q8GT74,Q9FKX5,Q8LBA0,Q84WF5,Q9SNB6,Q940T5,Q9SUS4,Q9SUS5,Q9ZT50,Q9ZU51,Q84TF5,Q2HIJ8,O22197,O22283,Q4TU14,Q9ZT42,Q9FMM4,Q852U6,Q8GUU2,Q9LN71,Q8LDB8,Q8LE94,Q93Z92,Q8LPN7,Q94AK4,Q9M2S6,Q8GXF8,Q8GYT9,Q9SI09,O22953,Q8L729,Q8L5Z3,Q5XEP8,Q9ZV22,Q3ECE3,Q9C965,Q9FM98,Q9FHU1,Q9FJH4,Q9LTU8,Q9LM61,Q8RUZ7,Q944Q9,Q9SVW0,Q9LKA8,Q9FN60,Q9ZQ22,Q6AWX4,A4VCL9,Q9M1D5,Q9FVT1,Q93ZD8,F4JNK0,Q0WSW1,Q8GYG0,Q9LTK5,Q1PDK3,Q93XZ6,Q9ZVU8,Q9LZN3,Q9MAJ1,Q8LES9,Q94F54,Q9M9U7,Q9FFG2,O80757,Q940N3,Q9FHA1,O64867,Q9M176,Q9FHT7,Q9M9U8,Q8VY23,Q9FYK6,Q9C9X1,Q9LJJ3,Q9ZQF5,Q9LJE9,Q93YQ5,Q1G3N1,Q9CAJ8,Q9FWA5,Q9FHU0,Q9LFU4,Q9XI67,Q3E7K1,Q944L9,Q9ZQ20,Q9LFU7,Q9FHT8,Q9FN57,Q9SFD9,Q9FHS5,Q9M1L1,Q9SH17,Q8L775,Q1G3M1,Q9SD55,Q9FN56,Q9FFT1,Q9FN58,Q9C9T6,Q9FN35,Q9FG51,Q9LW05,Q5EAI9,O80614,F4K5X2,F4K2W6,Q3EAE6,F4K6L4,F4JJ02,B3H6J7,F4KD57,B3H543,F4KCY6,A0A1P8B068,A0A1I9LPW5,F4ILN3,Q3ED97,F4IPM1,A8MS73,F4I3A0,A0A1P8BH81,B3H693,F4J5Z1,F4KJ04,F4IQ07,F4HVM4	Q9U2B7,P30631,Q09268,Q18355,O76671,Q9N3D1,K8ERW6,Q9XUM8,Q17573	Q06003,Q9VHI7,Q9VE61,Q9XZS4,Q7K1R6,Q9VHC2,Q8SX35,Q9VGI6	Q566M8,Q7ZW78,Q08CG8,A5WWA0,A2RV40,A1A601,Q66I18,B0JZN6,E7FH41,Q5U3J0,A0A0R4IPD9,E7EYR3,F1R4P2,F1RCD3,A0A0R4IGH0,F1QWE1,B8A662,A2CEX5,F1R9R2,B0V2S5,E7F6I4,B8A6H5,F1QQA9,E7FDX7,A0A0R4ISD3,F1QYK0,F1RBI3	Q9Y3E7,Q86Y13,Q86XS8,Q8NG27,O43164,O00237,Q6ZNA4,Q9Y4L5,Q9H9V4,Q9BV68,Q9ULK6,Q6ZSG1,Q9P0P0,Q9Y6U7,Q9Y3C5,Q9NVW2,Q9Y225,Q9H0A6,Q9H0F5,Q68DV7,Q7L0R7,Q9Y252,P53804,Q9ULT6,Q8NEG5	Q06834,P38239	P87119,P87237,Q1MTR5,Q9Y7K6,O60117,Q9C1X4,Q9P7E1					Q9Y252			
KOG2584	0.05158730158730159	0.09523809523809523	2	21	2	6	Q94AP0,Q9FMP3	Q21773,Q18677,Q01630	Q9VWW1,Q8IPQ2	Q52PJ5,Q5RGY8,B1H1J6,A8DZ95,F1Q5V8,F1RB68,F1QR62	Q14194,Q16555,Q14195,O14531,Q9BPU6,Q14117	P32375					A8DZ95	Q16555			
KOG0198	0.003968253968253968	0.015625	1	64	1	6	O22040,Q9FY48,O80888,Q9ZVP5,Q39008,Q9SND6,Q9FZ36,F4HRJ4,O22042,Q9C5H5,Q9LJD8,Q9SFB6,O81472,Q9M0T3,Q9SZ67,Q9CAD5,Q9LX81,O22879,Q9M1E0,Q8RWX4,O80778,Q9LMK8,Q9LX79,Q9SIN4,Q9FLQ2,Q9FHA5,Q6K1M3,O22885,P93752,Q9ZU68,O22877,Q9SI22,P93754,O64741,P93753,Q9FMQ2,Q9M165,Q3E909,Q3E900,F4IT19,F4JGV7,F4JVS7	Q86ME2,Q9NLA1,Q960A2,Q9XWQ5,P91263		E7FEY1,E7F683,E7EXX1,B0S8J3,A0A0R4IZ86,E9QEZ7	Q99558,Q56UN5,Q13233,Q9Y2U5,Q99759	Q01389,P27636,P23561	P28829,P41892,Q10407	Q9LJD8							
KOG2165	0.14285714285714285	0.14285714285714285	1	7	1	7	Q8H1U5	P34514	Q9W1E5	A0A0R4ISV4	Q9UJX6	Q12440	Q874R3					Q9UJX6			
KOG0446	0.023809523809523808	0.022727272727272728	1	44	1	7	Q84N64,P42697,Q84XF3,Q8LF21,Q8S3C9,Q9FNX5,Q9SE83,Q9LQ55,Q8S944,Q8LFT2,Q9ZP56,Q9ZP55,F4HPR5	P39055,Q8WQC9	P27619,Q9VQE0	Q7SXN5,Q8JH68,Q800G8,Q6DKF0,Q800G5,Q4V8Z7,F6P2T1,Q5RHR9,F1R785,F8W429,F1QXF9,E9QF63,A0A0R4IBZ4,F6NHV1,A0A0G2KXI9	O00429,Q05193,P50570,Q9UQ16,P20591,P20592	P54861,P32266,P21576	Q09748,P87320,Q9URZ5					P50570			
KOG0048	0.2	0.00684931506849315	1	146	1	5	O80931,A0A178VEK7,P27900,Q9M0K4,O80883,Q9S7G7,Q9SPN3,Q8H1P9,Q94FL9,Q6R032,Q9LDR8,Q9SM27,Q9SEZ4,Q9LE63,Q9LDE1,Q9FJ07,Q9FNV9,Q9FNV8,Q1PDP9,Q9LQX5,Q9LVW4,Q9FIM4,Q94FL7,Q9C9C8,Q94FL6,Q9LTV4,Q9LZK4,O22264,Q9LNC9,Q9SJX8,Q9LTC4,Q9LXF1,Q9M2D9,Q42575,Q9C7U7,Q9LK95,Q96276,Q9SPG9,O04192,Q9SPG3,Q9SCP1,Q9SPG2,Q9FLR1,Q9SCU7,O49608,Q8W1W6,O64399,Q9LSI7,Q9FKL2,Q8GWP0,Q9S9K9,Q9M0J5,Q9FDW1,Q9LXV2,Q9LX82,Q9SZP1,O49782,Q6R0C4,Q9FJP2,Q9FX36,Q6R053,Q9SSA1,Q9SA47,Q4JL84,Q38850,Q8GYP5,Q8VZQ2,Q9C9G7,Q6R0A6,Q9FY60,Q9FR97,Q38851,Q9SGU3,O23160,Q9M0Y5,Q9FE25,Q9SPG5,Q9SN12,Q9FGY3,Q42379,Q9XHV0,Q9LTF7,Q9C6U1,Q8LPH6,F4JSU0,F4IRB4,Q9SDS8,Q9ZTC3,Q9SBF3,Q9S9Z2,Q9SN78,Q24JK1,Q9S773,Q9S7L2,F4KIN4,Q9FG68,Q9SJL7,Q9M2Y9,Q9FJA2,Q9SEI0,F4KE69,Q9SLH1,Q94GA6,Q9SMT1,Q9LRU5,Q9LDW5,Q9SNW9,Q9SZC2,Q94FU0,Q9CA52,Q9LTW2,O22179,Q9LMD1,Q9ZSI4,Q94CJ3,Q9SRB0,Q39028,O49538,Q9LK14,Q9C9A5,Q9LTJ5,Q9M9U2,Q9LDI5,Q9SPG6,Q9SPH0,Q9SPG4,Q9LV31,Q29PZ8,Q9SPG1,Q9C695,Q9S754,Q9SPG7,Q9T0G9,Q9SG63,F4K6R6,F4J1R5		P04197	F1QGY5,E9QFU4,F1QP24,E7FFJ6,F1QKG1	P10243,P10244,P10242	P22035				P04197					
KOG3265	0.14285714285714285	0.18181818181818182	2	11	1	7	Q9C9M6,Q9LS09	Q17603,Q19326	Q9V464	Q6NYY4,Q6NY34	Q9Y294,Q9NVP2	P32447	O74515	Q9C9M6,Q9LS09							
KOG1310	0.08333333333333333	0.14285714285714285	1	7	1	6	Q94BQ3	Q4W5Q8	Q7K7W5	B3DJF2	Q58WW2,Q8N5D0		O94527					Q8N5D0			
KOG4282	0.011363636363636364	0.034482758620689655	1	29	1	4	Q9SYG2,Q9LJG8,Q9C6K3,O23550,Q9C882,Q8H181,Q9LZS0,Q84W56,Q9FX53,Q39117,Q9SDW0,O80450,Q9LU92,Q9LRX5,Q8VZI9,Q8GXR6,Q700D8,Q9FGJ1,Q9LV59,O80512,A0A1I9LTW1,F4K0Q7		Q9I7H8,Q0E9A0,B7YZH1,Q9W2G2	E7EZ34	Q6ZTZ1,Q5T230			Q9C882							
KOG0595	0.14285714285714285	0.047619047619047616	1	21	1	7	Q94C95,F4JBP3,F4IRW0,F4I1N8	Q23023	Q8MQJ7,Q9VHF6	Q32PP3,Q5PRB1,F1QQ86,E9QIB7,F1R4S2,X1WEA3,Q5RIC1	Q8N165,Q8TDR2,O75385,Q8IYT8,Q6PHR2	P53104	Q9Y7T4		Q23023						
KOG1327	0.03125	0.029411764705882353	1	34	1	4	Q941L3,Q5S1W2,Q5XQC7,Q9SS90,Q9LY87,Q8RX26,Q9SAL0,Q8LB88	H2KYS8,Q09221,Q09219,Q9XUB9,Q9NA53,Q22422,Q17559		E9QJ75,F1QNY5,E7F725,B0R0N3,F1Q9D2,Q1LX40,A0A286Y928,E7F5X2,A0A0R4IS92,A0A0G2KVZ0	Q99829,Q96FN4,O75131,Q96A23,Q9HCH3,O95741,Q9UBL6,Q86YQ8,Q8IYJ1			Q941L3							
KOG1040	0.047619047619047616	0.058823529411764705	1	17	1	7	Q9LTS7,A9LNK9	Q7YTG9,Q22805,Q19336	Q9VPT8,P22293	F1Q6H4,E7FGZ9,F1Q949	A6NMK7,O95639,Q9UPT8,P61129,Q8N5P1	Q06102	Q9UTD1		Q19336						
KOG0032	0.017857142857142856	0.007042253521126761	1	142	1	7	O80673,Q9LJL9,Q9ZUZ2,Q9FIM9,Q9SCS2,Q9SG12,Q9LET1,Q9FX86,Q06850,Q38870,Q42479,Q38869,Q38871,Q38872,Q38873,Q42438,Q38868,Q9M9V8,Q39016,Q42396,Q8W4I7,P93759,O49717,Q7XJR9,Q9FMP5,Q1PE17,Q1PFH8,Q9ZV15,Q9ZSA2,Q9ZSA3,Q9M101,Q9SIQ7,Q9SJ61,Q9SZM3,Q9ZSA4,Q9FKW4,Q8RWL2,Q9SSF8,Q9S9V0,Q6NLQ6,Q9C6P3,Q3E9C0,Q8S8S2,Q8W490,Q9SPK4,Q93VK0,Q9LDQ1	Q9TXJ0,O44997,Q95QC4,O01761,Q9GT24,O44747,Q19962,O01905,Q23260	Q0KHT7,Q7PLI7,A8DYP0,A1Z7Y7,Q86PF4,Q9VG26,Q7JMV3,Q9VCL7	Q7SY49,Q501V0,A8C984,Q1LUA6,A5WVL9,Q6PHV6,A0JML4,B5MF72,Q568I9,Q6PC33,E9QHI3,Q5RHZ0,Q08BH4,A0A0R4IPL6,G1K2X0,F1R3X9,F1QD90,A0A0R4IK49,A0A0R4IAT1,E7FFC0,E7F1A1,E7F1H0,E7FEG8,F1QN42,E7FE74,F8W445,F1QB45,X1WGN0,Q1LVF9,B0S5N5,A0A0R4ITV4,F1R6R7,F1QK36,F1QAR7,F1QB18,A0A0G2KD98,F1RB93,F1R026	Q8NCB2,Q8WWF8,Q13938,Q9BXY5,P53355,Q9UIK4,O43293,O15075,Q8N568,Q9C098,Q8N7U6,Q14012,Q6P2M8,Q8IU85,Q96NX5,Q16566,P11801,Q96QS6,Q9H1R3,Q32MK0,Q86YV6,Q15772,Q9UEE5,O94768,Q9BYT3,O75962,Q8TAS1,A6NGQ3	P47042,P27466,P22517,P24719,P36003,P38622,P38623,Q03533	Q9P7I2,O42844,Q10292,O94547			Q9VCL7					
KOG2082	0.8	0.9375	15	16	4	5	Q2UVJ5	Q09573,H2KZC2,S6FWN4	Q8MLQ5	A0A1D5NSR8,A0A140LGH7,B0V137,E7FDX8,F1QBW2,F1R5T1,X1WED4	Q9UP95,Q9H2X9,Q9UHW9,Q9Y666			Q2UVJ5	Q09573,H2KZC2,S6FWN4		A0A1D5NSR8,A0A140LGH7,B0V137,E7FDX8,F1QBW2,F1R5T1,X1WED4	Q9UP95,Q9H2X9,Q9UHW9,Q9Y666			
KOG0305	0.014285714285714287	0.03333333333333333	1	30	1	7	Q9S7H3,Q3E906,Q9SZA4,Q9S7I8,Q4PSE4,F4K5R6,Q8VZS9,Q8L3Z8,Q8LPL5,Q0WQ91	Q09373,Q09649	Q960N3,Q24044,Q9W1F6,Q9W4H9	Q7ZUP9,A0A0R4IU39,E7FF93	Q86Y33,Q12834,Q9UM11	P50082,P26309,P53197	O94423,O94411,P78972,O13286,Q09786	Q8VZS9							
KOG3772	0.14285714285714285	0.1111111111111111	2	18	2	7	Q8GY31,Q9LZE0	O44552,O44628,P30634,Q21762	P20483,Q03019	B8A5N7,B8A4H7	P30304,P30305,P30307	Q06597,P23748,P42937	Q8WZK3,P06652			P20483				P06652	
KOG0594	0.014285714285714287	0.023255813953488372	1	43	1	7	P24100,O80345,P25859,Q2V419,Q8LF80,Q8LG64,Q9LV04,Q9LZV4,Q9S713	Q8I7M8,P34556,O61847,Q9XTR1,H2L0S7	P23572,P23573,Q9XTK9,Q7K306	Q1RLU9,Q7T3L7,E7F9R5,A8WG02,Q7ZWB1,Q5RHX9,B0UYG3,I3IT74,E7F5L4	O94921,Q96Q40,Q00536,Q00537,Q07002,P06493,P24941,Q00526,P11802,Q00534	P43568,P00546,P17157	P04551,P36615,O74456					P11802			
KOG0907	0.03571428571428571	0.018518518518518517	1	54	1	7	Q9SGS4,Q9M7X9,Q8LDI5,Q8GXV2,Q8VWG7,O23166,Q9LXZ8,O64654,Q9XFI1,O22779,Q8LEK4,Q8LCT3,Q9FG36,Q8VZT6,Q8LCH9,O22229,Q9XFH8,Q9XFH9,P29448,Q38879,Q42403,Q39239,Q39241,Q9XIF4,Q9CAS1,Q9C9Y6,O64764,Q93VQ9,Q9MAH1,F4IXE4,Q9SIN1,Q84JR9	Q9TW67,Q09433,Q9TXY8,O45017	P47938,Q9V429,Q8IFW4,Q9VUG9,Q9VYR5,M9PHK6	Q7ZUI4,Q6DGI6	P10599,Q86VQ3,Q8N427,Q6A555,Q3KNW3	P22217,P22803,P25372	O14463,O94504		Q9TW67						
KOG0383	0.05555555555555555	0.043478260869565216	1	23	1	6	F4KBP5,F4JTF6,Q9S775	Q22516,G5EBZ4,Q21375,Q19511	O16102,O97159,Q9VZ22,A8DYA3	F1RBT2,F1QWV5,X1WBL0,A0A0R4IJ89,E7F750	O43918,Q12873,Q14839,Q8TDI0,Q96BD5,Q96EK2		Q9P793	Q9S775							
KOG0118	0.019047619047619046	0.00980392156862745	2	204	1	7	Q9SG10,Q9LPI5,Q9S7N9,Q9FGE6,Q9C8M0,Q9LRR6,Q43349,Q9ZUU4,Q04836,Q9FGS0,Q39061,Q8LPQ9,Q93ZV7,Q0V7U7,Q8L440,Q9FIU6,Q9FX45,F4HT49,Q8VYM4,Q8VXZ9,Q9SX80,Q9FPJ8,Q9SAB3,F4I3B3,Q0WW84,Q9SX79,Q9SVM8,Q9FNR1,Q9LIS2,Q9C909,Q9FZ84,Q03250,Q03251,Q9FFZ6,Q9C652,Q93W34,Q9LIN3,O22703,Q8RWN5,Q9LHP2,Q9SEE9,Q1PDV2,Q8L3X8,Q9SEU4,Q9CAE4,Q9SHZ6,Q9SHZ5,Q9LES2,O80678,Q9LKA4,Q9SYG4,Q9LQI9,Q9LJH8,Q94BY1,Q9LHL2,Q6NPL0,F4I906,O82299,Q8RWF8,Q0WPW8,Q9SAF2,Q9SFB4,Q1ECN0,Q9SJ28,Q94AC3,Q9M3B8,Q8S8L4,Q0WQM7,Q9FM71,Q9ZUJ3,Q67XI5,Q9FM47,Q9LUK6,F4JRD9,F4HQH8,F4JZK9	Q20870,Q22037,D0VWM8,D0G911,H2L0D0,Q22318,Q95QL3,Q18724,Q9XTZ2,D0G912	Q24207,P48810,Q02926,P07909,P19339,P19018,Q7KUX7,Q9VA45,Q8SXG7,Q9VTH9,Q9W362,Q7PLL3,Q9VHP3,Q9W158,Q8SY49,Q9VF55,Q0IGP7,Q0KHQ1,Q8IH14,Q7KU81,E1JIZ9,Q9VAC9,Q9VJG2,Q9VFT3,A8JPX0	Q9YGW7,Q7ZWE3,Q503H1,Q4KM14,Q5SP50,Q7SZS0,F1Q8A5,Q6NYU8,F1QAY0,B0V332,Q566W6,A0A0R4IKH3,Q6DHU2,Q6NYA1,Q803J4,F1QTL9,Q7ZU48,Q7T2A0,Q66HY6,Q7SXN2,A0A0R4IG09,B0V1I7,F1QFV2,E7F3E5,F1QS28,F1R6L3,X1WCD3,F1R6L6,F1QAA4,E7FAQ8,F1Q8G3	Q8N9W6,Q14011,Q92904,O60812,B2RXH8,B7ZW38,O14979,P07910,Q14103,P23588,Q15056,Q32P51,Q86SE5,Q9UKM9,P42696,P98179,Q13151,P09651,P22626,P51991,Q99729,Q9GZT3,O75494,Q8WXF0,Q13595,P62995,Q9NX07,Q8TBF4	Q12046,P25555,P38922,P34167,P33399,Q08925,P38996,Q03735,Q00539,P32831,Q08208,P32588,P32605,P34761,Q07655	O13759,P87126,P87058,O59784,O13674,Q9UT83,O13741,Q09702,Q9P6M8,Q1MTR2,O14369,O74452,Q9HEQ9,O94621,Q10145,O60176,Q9Y7Y3,O94359,Q9P3U1						P34761,Q07655		
KOG0583	0.05180533751962323	0.010169491525423728	3	295	2	7	Q8RWC9,Q9LYQ8,Q2V452,Q9SUL7,Q9LEU7,O65554,Q9XIW0,Q9STV4,Q9MAM1,Q9C562,O22932,Q9SN43,O22971,Q9LZW4,P92937,Q9SEZ7,Q94C40,Q9LP51,Q9FJ55,Q9FJ54,Q94CG0,O80902,Q93VD3,Q9LDI3,Q8W1D5,Q84VQ3,Q38997,P92958,Q9FLZ3,Q8S9D1,P43291,Q9C958,Q9M9E9,Q39192,Q940H6,Q9SMQ4,P43292,Q9FFP9,Q39193,O64812,Q6AWV4	P45894,Q95ZQ4,Q21017,U4PR86,Q9GN62,Q20443,K8ESD7,Q4U220,O17879,Q23128,O62424,Q9TXI1,O61821	Q9V3Z1,O18645,Q8T9L5,Q9VE58,Q9VPW3,Q8T4D4,O46308	F1QGZ6,Q9YHZ5,Q08BC0,F1R050,F1QAZ1,A0A0R4IDK5,A5WUM0,Q0VA84,F1QKP2,F1QSH7,F1R774,Q1LVI1,B0S5E6,F1QAN1,B1WB50,B0S6T6,E7F7X7,E9QE71,B0UXE1,X1WCY7,X1WDV8,X1WD13,E9QER9,X1WFH5,A0A0H2UJL9,A3KQP2,F1QRN5,F1QR14,F1QXU2,A2ARH0,A0A0R4IB57,A0A0H2UJT9,X1WEH7,X1WDS3,F1R8K8,A0A0H2UK71,X1WGD5,F1QZ77,X1WFN6,X1WH43,A0A0G2KF90,Q1MT58,X1WD75,X1WH53,A2CEU3,E7FB10,F1Q9Q4,E7F9C4,X1WCC9,X1WEU9,A2ARG9,X1WET8,F1R6W2,Q5SPE1,X1WDG4,F1QW72,B8JIN6,A0A0H2UK14,F1R917,F1RAA6,B0R140,F1QY82,E9QBJ8,B0S5E5,X1WF37,A0A0G2KEU5,R4GEG6,B0V0V9,B8JIW2,B0S7F6,I3IT68,E7FFL2,B7ZDE1,F8W3Y0,I3IS95,E9QFL3,I3ISX2,U3JAA6,F8W231,F1QFJ2,E9QHC9,E7FDP6,B0S7G0,Q1LW98,A0A0R4IGA2,F1Q6Q5,F1RBP9,X1WE03,I3ISJ5,X1WG33,F1QMM2,X1WHE5,B0UX73,F1QUU8,A0A0A0MPH5,F1RBE1,E9QIA8,X1WHT1,X1WD44,A0A0H2UJX2,F1QB23,F1QC47,B8A628,Q5RIT2,E9QDF7,A0A0H2UK30,X1WB87,F1QGU2,B8A5A6,I3ISY2,B8JIN7,B8A5A9,B0S7G1,F1QK27,A3KQP5,E9QDG5,A5PN42,B8A5A5,X1WGR0,E7F3T6,E9QGG6,B8A622,F8W2H4,Q1MTG6,F1R188,F8W2P2,B0S6U5,U3JAC9,F1R620,A0A0R4IM67,F8W4N4,B0V154,F8W410,E9QCA7,A0A0H2UK54,A0A0A0MPI0,B8A479,F1R2X1,A0A0H2UJC7,F1QRZ0,X1WEP5,Q1LW99,I3ITJ9,E9QJM3,A0A0R4IHU4,F8W2F4,B8A625,B0S6U4,X1WCA9,F1R0G5,Q5SPR4,F1QQS4,F1RAZ5,B0S7F8,A0A0H2UJT5,A5PN17,B0UXE5,F1QCV8,H0WFD5,F1QB93,Q5RIT3,F1QVY3,X1WDL9,X1WFW2,A5PN15,F8W437,E9QI89,E9QD47,Q5SPF6,B0S7F7,X1WGJ4,E7FBA4,X1WGH5,B8A619,F1QWF4,E9QED0,A0A0G2KKN3,F1R6X3,I3ITP8,U3JAW5,X1WCI3,I3ITN2,E7F3S2,F1QM65,F1QH02,B8JIW1,E9QHP1,I3ITP5,R4GDP9,Q5SPP8,F1R487,U3JAT7,F8W583	Q13131,P54646,P57058,Q14680,Q8IY84,Q96RG2,P11309,Q9P1W9,Q86V86,Q15831,Q8N2I9,Q96RU8,Q92519,Q96RU7,Q9BXA7,Q96PF2,Q96PN8,Q6SA08,Q9BXA6	P53233,Q03002,P25389,P13185,P13186,Q01919,P38691,P36002,P47116,Q12505,P06782,Q03785,Q12152	P22987,O14328,Q9URY1,Q9HFF4,O59697,Q9UU87,O13945,P08092,O74536			Q9V3Z1,O18645			P47116		
KOG1164	0.0016611295681063123	0.0078125	1	128	1	7	Q9LW62,Q39050,Q8VYK9,Q5XF24,P42158,Q9CAI5,Q93Z18,Q8LPI7,Q9ZUP4,Q8LPJ1,Q9FFH8,Q9LSX4,Q9ZWB3,Q9SQR8,Q9S828,Q9FK52,Q9LID3,F4ISN5,F4JID0	Q20471,O17828,Q95PZ9,Q09503,Q19848,P42169,P34516,P34633,P34635,Q18055,Q21521,Q9N4Q0,Q22518,Q18189,Q18615,Q20193,G5EFC2,Q18976,Q21373,O62426,Q19794,Q22223,Q22203,Q9N4H2,Q17853,Q21590,Q20160,G5EEA3,P91332,O44751,Q7KQ32,Q20018,Q94277,Q9BHK8,G5EC33,O44777,Q9NAP8,G5EFL7,Q9N3T7,O45897,Q18738,Q19798,Q17651,O76711,Q93522,Q7YXD1,O01773,Q19742,P91566,O01429,Q23259,O76712,V6CLY3,Q17825,Q23546,O01899,Q18882,Q22033,Q966G1,Q8MPS7,Q21026,Q3S1L3,O44950,Q94193,Q18707,G5EBW7,O44192,Q9XVK4,Q966G2,Q21204,Q95Y99,Q20192,Q17631,Q20288,O01733,O17693,Q22573,O16946,Q23566,Q9XVP6,Q23103,Q17448,Q18553,Q9TXU0,P91191,Q18984	Q8IMC6,O76324,Q7KRY6,Q7KMI3	Q7T2E3,Q6P3K7,Q7ZUS1,E7FE66,Q6P109,F1RC23,F1RE77,B8JHS7,E7FBX6	P48730,P49674,Q5TCY1,Q6IQ55,Q99986,Q86Y07,Q8IV63	P29295	P40235,P40236		Q20471						
KOG0474	0.1	0.09090909090909091	1	11	1	5	P92941,P92942,Q96282,P92943,P60300	G5EC75	Q7JZ25	F1QNV1,E7F798	P51797,P51798							P51797			
KOG0475	0.047619047619047616	0.06666666666666667	1	15	1	7	Q8GX93,Q8RXR2	G5EGT4	Q9VUY1	X1WEF7,F1QXH5,E7FFG9,A0A140LGR0	P51790,P51793,P51795	P37020,P25347	O60159,O94287					P51790			
KOG2166	0.047619047619047616	0.038461538461538464	1	26	1	7	P0CH31,Q9XIE9,Q9XIE8,Q94AH6,Q9SRZ0,Q9ZVH4,Q9C9L0	Q17389,Q17391,Q21346	Q24311,Q9VU33,Q8IP45	Q6NYS3,A0A0R4IXY4,F6NVK8,F1Q7M5,E7FE00	Q86Y37,Q13616,Q13618	Q12018,P53202,P47050	O13790,Q09760		Q17389						
KOG0619	0.0047619047619047615	0.0087527352297593	4	457	1	7	O80809,Q00874,Q9FPJ5,Q5PP26,Q9FFJ3,Q9LRV8,Q8W4Q3,Q9SVW8,Q5G5E0,O64566,Q5G5D8,Q8RWE5,Q8VYG9,F4HT77,Q9C9H7,F4HTV4,Q9C6A8,F4HTV6,Q9ZUK7,Q9ZUK3,Q9SKK5,O48851,O48849,O48763,O49328,F4IUU1,O49325,Q9SJH6,Q9SHI3,Q9MA83,Q8RX63,Q9M9X0,F4J8G2,Q9SRL2,Q9SRL7,Q1PEN0,Q9LS80,Q9LS79,Q9SHI4,Q9LRW9,Q9LJS0,Q9LJW7,Q9M2Y3,F4JGB6,F4JTU7,F4HWL3,Q93YT3,Q9SN38,Q7FZR1,Q9S9U3,F4KHA2,Q9FK66,F4K4T3,Q9FH86,Q9XID2,Q9C637,Q9C699,Q9SLI6,O49329,Q9SSD1,Q6Q4D0,P0C895,Q9M1B6,Q9FH56,Q9LXU5,Q9LUN3,Q9ZT98,Q8GYK0,Q9CA41,Q8RWI2,Q9FHL8,Q9LT39,O48705,Q9FW48,Q9SSM0,Q4PT10,Q9SFG3,O64757,Q9SHU4,Q8RXQ6,Q9FW47,F4JA38,F4JLB7,A0A1P8ASL2,F4JNB0,F4HR91,A0A1I9LR86,A0A1I9LTP5,F4IRP9,A0A1P8B683,F4K682,F4HTV3,F4HV48,F4I0W7,F4ICJ5,F4JB46,F4HR92,F4K217,A0A1I9LLM1,F4HQM4	P90920,P34595,O61967,Q93373,Q9TZM3,Q9U3A0,Q1ENI8,G5EG78,Q22875,Q53U87,G5EGE7,G5EFP4,Q9N3F2,Q9XW74,Q9N4Z5,Q93177,Q22187,O01764,Q21164,Q22075,O02329,Q18902,Q23580,Q93377,Q93539,Q19312,Q9N5D7,Q23526,Q19988	Q9VPF0,P12024,Q01819,Q9W568,Q8SXT3,Q9V780,Q9VZZ4,Q7KRY7,Q9VEK6,Q9W266,Q0IGY0,Q9VBR3,Q9W3T9,Q9VKX6,Q9VJN8,Q9VE49,Q9VJA9,Q9VS84,Q9VPH1,Q9V9V6,Q9VGH2,Q9VU13,A1Z9N6,Q9VQ25,D0Z756,Q9VAD1,Q9W2U2,Q9VWI6,Q7JWP9,Q9V430,Q7JXU8,Q9VT44,Q9VKG1,Q7KT58,Q5U1A7,Q9VK22,Q9W2J7,Q9VR83,Q9VDD5,Q9VDJ9,Q9VZ84,Q9VFY9,Q0KHN6,Q9VK28,Q9W128,Q9VKU0,Q9VV09,Q9VQS3,Q9VJQ0,Q9VK54,Q9W2D7,Q9VBP0,D0IQL1,Q9VHV3,Q9VEH4,Q8MLT4,Q7KV24,M9PFH7,M9MSI4,Q9VT89,Q0E8F0,Q7KTA0,Q9VDD4,E1JJ89	E7FBY6,S4X0Q8,Q5RI43,E7FE13,Q66HV9,Q6AXL3,F1R6I3,Q6DHL5,Q6PGX3,Q504C1,B0R160,Q4H4B6,Q1L8Y7,Q58A48,F1QLW6,E7FE43,F1QCU7,F1QVP4,A0A0R4IQ68,A9JRH0,Q5RHE5,A2BIH6,F1QHX4,Q15JE7,F1QNH9,A0JMK3,Q6GMI5,E7FB32,A8DZ86,A4QNV9,A3KNU3,B8JLP1,U3JAP0,F1Q983,Q5RI45,B0S5X0,Q1ED19,E7EXM1,F1QG51,E7FB24,A2BF98,E9QJJ1,B3DK88,F1Q9H7,F1QCM6,E9QCF6,Q1LXA7,Q08BM6,A8BBJ2,A3KH16,B7ZDB4,E7F2A9,E7EXH9,F1Q6F4,E7F9S2,E7F965,A5WVM1,F1QBH8,F8W598,E7F813,A2CF42,F1QTI2,E9QDQ3,F1R1Q4,B8JIN1,F1RE56,E9QIH3,E7EYJ7,B7ZDB5,E9QIE2,A0A286Y827,E7F6K4,B8JIB3,B0S5B5,E7F5U2,F1RDW2,F8W5N7,I3ITI1,B8JKF3,X1WG89,F1QVN0,F1R4D3,U3JAA8,B8A472,F1Q881,F1R2S9,F1R2H9,F1R6G3,F8W4D7,F1RE98,E7EZZ0,F6P621,A0A0R4ITS3,E7FCW6,F1R0V0,A0A0R4IUR1,F1QPU8,A0A0R4ILI9,F1QR37,E7F333,F1R478,E7EZ83,B0UYH4,R4GDR5,H9GYJ3,M9MM99,B8A5X5,E7FDK4,F1QX89,F1QG52,A0A286YAB9,A0A0G2L9Z2,F1QA76,E7FFN8,F1Q7R2,E7FFH7,F1QPB1,X1WC47,F1QCS9,A0A0R4IN82,A0A286Y8D8,E7FE47,E7FBW4,Q1LV51,F1R6B0,F6NL91,F1QT78,F1R0N0,X1WD08,E9QCA3,F1Q7W4,F1QY29,A0A0G2L0N2,E7FF15,E9QF02,A0A0R4IYB6,B0S5R7,E7FBM0,E7FDN5,F1QKB4,B0S8K3,A0A0G2L1V7	P02750,Q86SQ6,Q96PE1,Q8IWK6,P35858,Q9BXN1,Q6NUI6,O15335,P22792,Q5JU00,O94769,Q99645,Q96RT1,Q06828,P07359,P13224,P14770,P40197,Q6WRI0,Q6UXK2,O14498,O60938,A6NMS7,A6NM11,O60309,Q9BXB1,O75473,Q9HBX8,Q96FE5,Q7L985,P0C6S8,Q6UY18,Q96L50,A6NIK2,Q5BKY1,Q8TF66,Q8N6Y2,Q8N456,Q9H756,Q50LG9,Q2I0M4,Q86X40,A6NM36,Q14392,Q86YC3,Q5VT99,Q96DD0,Q9NT99,Q9HCJ2,Q8N7C0,A6NM62,Q6ZSA7,Q8N9N7,Q96CX6,Q05C16,Q68CR7,Q6ZNQ3,Q8IWT6,Q6P9F7,Q8TDW0,Q7L1W4,Q6NSJ5,Q9Y2L9,Q9P244,Q9ULH4,Q9BTN0,Q6PJG9,Q96NI6,Q6UXM1,A6NIV6,Q9P2V4,A6NDA9,Q3SXY7,Q7Z2Q7,Q9BTT6,Q9BYS8,Q9HBW1,Q96NW7,A4D1F6,Q38SD2,Q5S007,Q6UXK5,O75325,Q9H3W5,Q8WUT4,Q86UE6,O43300,Q86VH5,Q86VH4,Q6UWE0,Q9HBL6,Q8N967,Q9UFC0,P51884,Q9Y4C4,P20774,Q9NR99,Q99983,P23515,Q9UBM4,P21810,P07585,Q6ZVD8,Q9HB75,Q7Z5L7,Q6PEZ8,P51888,Q86UN2,Q86UN3,Q9BZR6,Q9HBX9,Q8WXD0,Q14160,Q9UQ13,P0DKB5,Q13641,Q7L0X0,Q8WUA8,Q6EMK4,Q6P2D8	Q08817	O94294					Q6UXK2,Q8IWT6,Q6NSJ5,Q9BZR6			
KOG0192	0.03333333333333333	0.009523809523809525	1	105	1	5	Q05609,Q9FPR3,Q2MHE4,F4IS56,Q940A2,Q9C9U5,Q9ZQ31,Q8RWL6,F4JTP5,O22558,F4IPV6,O82754,Q9LT56,Q9FM43,Q9SSA4,Q0WN89,Q9FGS7,Q9SCQ4,F4I5S1,Q9SAJ2,A0A1I9LMD5,O22100,Q9SA26,Q93Z30,Q9FIL6,Q9C902,Q94AB2,Q9XI87,Q9FGB1,Q944S4,Q9M085,Q9FKL3,O64768,Q8S9K4,Q9LRY7,Q8L6Y9,Q1JPN7,Q9LUI6,Q9FGG5,O23334,Q9LVQ9,F4JC18,F4JQX7,F4IP61,F4J9G8,F4K6K4,F4J1Z7,A0A1I9LPU6,F4K645,F4HVH9,A0A1I9LN82,F4HSB4,F4IAN2,A0A1I9LS70	Q9TZM3,A0A0K3AV08,Q9XTC6,H2KZW3,Q9NF64,Q9NAC7	P83104,Q9V3Q6,Q95UN8,Q9VX24,Q9VCV0,Q9VDJ9,Q1EC11,Q7PLP5	Q4VSN1,Q6DHU8,B0S4Y7,B3DHM4,B3DGA3,E7F6U6,F1Q5J2,E7F9S2,I3ISI6,F8W598,E7EXS2,F1QR97,F1R5E9,E7FB78,F1QKS7,E7FC40,F1RDI2,A0A1D5NSB4	Q8NFD2,Q6XUX3,Q38SD2,Q5S007,Q02779,Q16584,Q9NYL2,Q5TCX8,O43318,P80192,Q8NB16,P00540,Q13546,O43353,Q9Y572,P57078,Q59H18,Q96KB5,V9GXZ4				A0A0K3AV08						
KOG2408	0.02	0.02564102564102564	1	39	1	5	Q9SGH6,Q9C9U3	P90820,Q23490,Q1ENI8,G5EG78,Q20616,G5ECK5,P91060,O01892,Q18647,O17241,H2KZ53	P16621,Q9VEG6,Q01603,Q9VZZ4,Q9VJ80,Q9VEJ9,Q9VC42,Q9VEP8,Q9VEP3,Q9VCW2	Q6P4V3,Q5RI06,F1R0R6,A0A0R4IWN1,F1QPZ3,F1R9R1,E9QII6	P11678,P22079,P05164,P07202,P23219,P35354,A1KZ92,Q92626,Q9UPX0					P16621					
KOG1716	0.028571428571428574	0.012048192771084338	1	83	1	7	Q75QN6,Q9FEB5,Q9M8K7,Q9ZR37,Q570P7,Q84JU4,F4J117,Q9SRK5,Q9C5S1,Q6DR30	Q10038,P34680,Q95XK5,Q9XXK8,Q19388	Q9VWF4,Q6NN85,Q9NGL1,Q9VHV8,M9PI51,A8JUQ2	Q1LWL2,Q566R7,Q29RA3,F1QWM2,E7EZK3,A8WGA2,Q6DBR5,E7EXY0,A0JMM1,Q7SZF3,Q6PBT4,B3DHB2,F1QYI8,A0A140LFT0,E9QHS4,F1QE78,E9QGK0,E7FH10,A8E7M1,X1WHN2,F1RDV6,A0A0R4IS50,A0A0R4IAC0,A0A0R4I9C9,B7ZD10,F1QDH7,F1QVZ9,F1R7R4,F1QXX6,F1RCJ1,F1R5W3,E9QCC5,B0S6R2,X1WCB8	Q9UII6,Q9Y6W6,Q9UNI6,Q9H1R2,Q9BY84,Q8WTR2,P28562,Q9NRW4,Q9BV47,Q68J44,Q05923,P51452,Q13115,Q16690,Q13202,O95278,Q8WYL5,Q76I76,Q8TE77,Q9Y6J8,Q5VZP5,Q8WUJ0	P38590,P38148,Q02256,P40479	O13453,O13632		Q10038						
KOG2660	0.2	0.045454545454545456	1	22	1	5	Q9M9Y4,Q94AY3,Q9LS86,F4K2H9,F4HUV9	Q19336	P35820,P25172,Q9VV77	Q8JIR0,Q7T3E6,B3DK16,Q1JPS1,Q7ZYZ7,A2ATX3	P35226,Q9BSM1,P35227,Q3KNV8,Q86SE9,Q9BYE7,Q5T8Z4				Q19336						
KOG4658	0.2	0.0196078431372549	1	51	1	5	F4IBE4,P0DI17,Q9LQ54,Q9XIF0,Q9SI85,O22727,O64790,O64789,Q9C8T9,Q9SH22,Q9LRR5,Q9LW09,O82484,Q9T048,O81825,P60839,Q9FLB4,Q9FG91,Q9FG90,Q9LVT4,Q9LVT3,Q9LMP6,Q8RXS5,Q9SX38,Q9C8K0,Q9SSR8,Q8W474,Q8W3K3,Q8W3K0,O04093,Q9LRR4,Q9STE5,Q9STE7,Q38834,Q8L3R3,P0C8S1,Q9FJB5,Q9FJK8,Q39214,Q9M667,Q8W4J9,Q42484,O64973,Q9C646,P60838,Q940K0,F4JL04	P30429	Q7KLI1	Q9I9H8	O14727				P30429						
KOG2577	0.03333333333333333	0.05263157894736842	1	19	1	5	Q9FV71,Q9FV70,F4ILT1	G5EF11,Q20451	Q27368,O77051	Q5TZC4,A0A0R4ICD5,B8JLN4,A5WUE8,H9GY24,E7FFJ8	Q01094,Q14209,O00716,Q16254,Q15329,O75461							Q16254			
KOG1901	0.16666666666666666	0.05	1	20	1	6	Q3MK94,Q9LJE5,F4K1Z0,Q0WR25,Q9FPE7,Q56XH8,Q500V8,Q1JPL5,F4HWS5,F4I0C2,F4KDJ9		Q9VBZ5	E7F1H9,Q802Z0,E7FAP0	Q9BYJ9,Q9Y5A9,Q7Z739	Q06390	O74958			Q9VBZ5					
KOG2294	0.01020408163265306	0.007633587786259542	1	131	1	7	Q9SFV6,Q9SFV2	Q19802,P91278,O16850,Q18694,G5EGC9,E9P8A1,Q10924,Q22510,H2KZ39,O17617,O17593,Q21187	P32027,Q02360,Q02361,Q9VS05,Q95V55,P32030,P32031,Q8IMA2,Q9W3Q5,Q8IQE9,Q9V481,Q9XTP7,Q9W5X5,Q9W4Q1	A1L1S5,Q9I9E1,A2BGM5,A3RK74,A3RK75,Q9DE25,Q9DE24,F1QDF8,F1R8Z9,Q5H7C2,Q1LWX2,Q7SYM1,F1R3E6,F1R9K2,B0UXI3,Q6DG75,Q6NY62,F1QJW8,Q5I0F7,B3DGC2,A4IGC7,F1Q6L3,Q566W3,A7MBX0,Q1JPV2,F1R4K6,B0R0B2,A0A0R4IU78,Q568V0,F1QRF9,Q1LWX1,F1QME9,B0UXI2,F1QHL6,E7F234,A2CE80,F1R746,F6NTK8,F6PES3,K7DY44,Q1LWZ9,F1QZ26,F1RES1,E7FA97,Q1LVK4,F6NYY1,E7F8H3,E7FFM9,E7FER3,F1R5S7,E7F138,Q5TYS1,A2CEM5,R4GEW1	Q12948,Q99958,Q16676,O60548,Q9UJU5,Q12950,O00358,Q13461,Q12946,Q12947,P55316,O75593,Q12951,Q6ZQN5,A8MTJ6,Q92949,Q9P0K8,Q9UPW0,P85037,Q01167,Q12952,P58012,Q08050,O15353,P32314,O00409,Q96NZ1,Q12778,O43524,P98177,A8MYZ6,Q9C009,Q6PIV2,Q6PJQ5,O43638,Q9NU39,Q6VB84,Q8WXT5,Q5VV16,Q3SYB3,O00526	P39521,P40466,P41813,P25364	O14270,O60129,O13606,O43058			Q95V55					
KOG0740	0.05952380952380952	0.09090909090909091	2	22	2	7	F4JEX5,A8MRR2	O16299,Q8MNV0	Q9VQN8,Q8I0P1,Q9VW72,Q9VHB4	Q503S1,Q6NW58,B3DGU1,E9QEA3,A5PF14,X1WCY3	Q6PIW4,Q5HY92,A6NCM1,Q9UBP0	P39955,P40328	O43078,Q9P3U2			Q8I0P1	Q6NW58				
KOG0029	0.028571428571428574	0.03571428571428571	1	28	1	7	Q9CAE3,Q8VXV7,Q9LID0,F4JLS1,Q9FNA2,Q9SKX5,Q9LYT1,Q8H191,Q07356,Q38893	Q21988,Q9XWP6,Q9XXU5,Q22343	Q9VW97,Q9VCA1	Q6NSN2,A0A0R4IEI2,F1QRA1,F6NIA2	P21397,P27338,O60341,Q8NB78,Q96RQ9	P50264	Q9Y802,Q10135					O60341			
KOG0286	0.028571428571428574	0.047619047619047616	1	21	1	7	P49177	P17343,Q20636	P26308,P29829,Q9W3J1	Q6PH57,A1L271,Q6PBY0,Q803H5,Q5BJ11,Q6P025,Q6DH55,E7F0T7	P62873,P62879,P16520,Q9HAV0,O14775	P18851	Q10282					P16520			
KOG1035	0.14285714285714285	0.09090909090909091	1	11	1	7	Q9LX30	D0Z5N4	Q9V9X8	A0A0G2KY41,F1Q5Z3	Q9BQI3,Q9P2K8	P15442	O13889,Q9UTE5,Q9HGN1			Q9V9X8					
KOG1439	0.07142857142857142	0.07142857142857142	1	14	1	7	Q96254,O24653,Q9LXC0	Q2V4S2	Q9VLB7	Q6TNT9,A2AR68,A0A0R4IED7	P31150,P50395	P39958,P32864	Q10305,O60112					P31150			
KOG1022	0.125	0.14285714285714285	1	7	1	4	Q84WB7,Q9LY62		Q9Y169	Q08C36,F1QUC2	Q93063,Q9UBQ6						F1QUC2				
KOG0082	0.07142857142857142	0.01818181818181818	1	55	1	7	P18064,O80462,C6KIE6,Q9C516	P51875,Q9BIG4,O76584,Q19572,Q9XTB2,Q9BIG2,P91907,Q9N2V6,Q18434,P28051,P22454,P28052,Q9BIG5,Q20701,Q93743,Q21917,Q20907,Q20910,Q9N4F4,V6CLF3	P20353,P25157,P16378	Q7ZW82,Q6TNT8,Q6PBP1,A9JTC8,Q90WX6,Q6P967,Q5YKG3,Q7T3D3,Q5YKG4,Q90WX5,E7FGX0,F1QXX8,F1QHJ3,X1WDQ5	Q03113,Q14344,P63096,P04899,P08754,P09471,P11488,P19087,A8MTJ3,P19086	P08539,P10823	P27584,Q04665						P10823		
KOG2711	0.07142857142857142	0.05263157894736842	1	19	1	7	Q9SCX9,Q949Q0,Q9S785,O22216	P34517,Q9XTS4	P13706,Q8IN06,Q9W1U3	Q5XIZ6,Q567A1,Q7T3H5,F1QGK0	Q8N335,P21695	Q00055,P41911	P21696,Q09845							P21696	
KOG0490	0.011904761904761904	0.007874015748031496	1	127	1	7	Q04996	Q94398,G5EC36,P20154,P09088,G5EE86,P29506,G5EEA1,Q22459,Q9N4L2,Q21192,L8E946,Q21836	Q06453,P29673,Q8IRC7,P54366,P56672,Q9W2Q1,O77215,Q9VTW3,Q8IQX7,Q9VX20,Q7KSE4,Q9VL21,Q9VTW5,Q9W3C6,Q9W1U7,Q9XZU0,Q9V472,A0AVV3,Q9W2P8,Q9VJ37,Q9VWH1,A8DYR8	Q1LVQ7,O42115,Q8JI10,Q566X8,P53544,Q8AYB8,P53405,P53406,P53407,Q90476,P52889,Q1LWV4,Q503U0,Q6DGH9,Q8JFQ2,Q9PTJ3,O42356,O42357,O42358,Q50D79,Q6P295,Q7T373,Q8QG63,B3DHJ6,Q4VJ28,Q6DHC2,Q7SZN8,Q6BDC4,O13106,Q4L1M6,B3DGA5,Q7ZUG7,I3ITE6,A0A0G2KXF6,E7FGP3,A0A0R4IJ70,B0S606,E9QBI8,A0A0R4IVX3,B0S5T0,F1QBG1,F1R4M3,B0R107,A0A0R4IVV2,Q5RI65,F6P152,A5PMV8	Q15699,O95076,Q9H161,Q96QS3,Q8NFW5,A6NFQ7,A6NNA5,A6NLW8,Q8N693,O15499,P56915,Q9UBX0,Q9BPY8,P61371,Q96A47,Q2M1V0,P48742,P50458,Q9H2C1,Q9UPM6,Q68G74,Q9NQ69,P61968,Q8TE12,O60663,O60393,Q5XKR4,O75360,P54821,Q99811,Q96IS3,P25800,P25791,P0C7M4,Q8NHV9,Q9BQY4,Q9Y2V3,Q9HB31,O60902,O15266,A6NJT0,Q05D86	Q04116,P34161	P40923		G5EE86						
KOG0627	0.028571428571428574	0.025	1	40	1	7	P41151,O81821,Q9LQM7,Q9SCW5,O49403,Q9FK72,Q1PDN3,Q9LUH8,Q9SV12,Q9M1V5,Q9SCW4,Q9T0D3,O80982,Q8GYY1,Q94BZ5,Q9S7U5,Q9LVW2,Q96320,O22230,Q9C635,Q9LV52,Q8L7H2,Q67XK8,O49402	G5EFT5	P22813	Q5CZP2,Q7SZW8,E9QH11	Q00613,Q03933,Q9ULV5,Q9UBD0	P47175,P10961,P53050,P20134,P38889	Q02953,O14283						P38889		
KOG0207	0.07142857142857142	0.058823529411764705	1	17	1	7	Q9M3H5,Q9SZW4,P0CW77,O64474,Q9SH30,Q9SZC9,Q9S7J8,B9DFX7	G5EE14	Q9VYT4	F1Q5B3,I3ITM6	Q04656,P35670	P38360,P38995	O59666					Q04656			
KOG0019	0.047619047619047616	0.05	1	20	1	7	P27323,P51818,O03986,Q9SIF2,F4JFN3,F4K6B6	Q18688,Q2L6Y6	P02828,A1Z6L9	Q90474,O57521,F1Q9X9,Q5RG12	P07900,P08238,Q12931	P15108,P02829	P41887					P08238			
KOG1369	0.028571428571428574	0.034482758620689655	1	29	1	7	Q42525,P93834,Q9LPS1,Q56XE8,Q9FZG4,Q9T071	Q9N4A5,Q19440,Q9XU15	Q9NFT9,Q9NFT7,Q7JYW9,Q9W330	Q6NX09,B8JKC9,F1RC38,B8A5H6	Q2TB90,P19367,P52789,P52790,P35557	Q04409,P04806,P04807,P17709,Q06204	Q09756,P50521						P04807		
KOG3238	1.0	1.0	5	5	5	5	Q9LVA7	G5EG22	A1ZAW5	A0A0R4IJ12	P54105			Q9LVA7	G5EG22	A1ZAW5	A0A0R4IJ12	P54105			
KOG0401	0.03571428571428571	0.041666666666666664	1	24	1	7	Q93ZT6,O82233,Q76E23,Q9SUH8,F4HYS3	Q21531	Q9VCH1,Q7K581,A8DZ29,A1Z968	Q6DBW2,A0A0G2KSV9,A0A140LGN9,F1R9I0,F1R101,A0A286YA82,A3KQB2	Q04637,P78344,O43432,Q9H074	P39935,P39936	Q10475					P78344			
KOG0606	0.1	0.05555555555555555	1	18	1	5	F4HYG2,F4HPN2,F4J6F6,Q9LE81	H9G328	Q9VUQ9,Q95TN8	Q6DBX4,E7F0L8,E7F723,X1WHT9,F1QZB3,E7F202	Q96GX5,Q9Y2H9,Q6P0Q8,O60307,O15021					Q9VUQ9					
KOG0717	0.14285714285714285	0.14285714285714285	1	7	1	7	Q9C911	O62360	Q9W0X8	Q6PGY5	Q5F1R6	P53863	O14213						P53863		
KOG4280	0.014285714285714285	0.02564102564102564	1	39	1	5	Q9LDN0,Q8L7Y8,Q27IK6,F4J1U4,F4JDI6	Q21441,Q965T6,P46873,G5EBX0,Q19633	P38040,Q9VLW2,P46867,Q9V4A1,A0A126GUN4,Q9VRK9	F1QN54,A0A1D5NSN8,E7FDX9,E7EXI0,E7FCT0,F1QP72,F1QCX2,F1QW58,F1QWH7,E9QB71,E7FFQ3,X1WHI2,E7F4J1,F1QV34	Q9ULI4,Q2KJY2,Q96FN5,Q9NS87,Q9Y496,O15066,O14782,Q6ZMV9,Q9HAQ2						F1QWH7				
KOG0598	0.08333333333333333	0.05405405405405406	2	37	2	7	P42818,Q39030	Q9NAH6,Q2PJ68,Q19858,Q21483,Q86DC2,Q21694,A0A0K3AVN5	Q9VWQ2,Q94533,Q9VN23	Q7ZTW4,F1QBK0,E9QG10,F1R3V1,A3KQ53,F1Q9P5,F1R730	P23443,Q9UBS0,O00141,Q9HBY8,Q96BR1,Q8WU08,Q9NY57,Q86UX6,K7ERJ3	P11792,P12688,P18961,P38070	Q9P7J8,O74426,Q12706,P50530,Q10364			Q94533			P11792		
KOG1448	0.028571428571428574	0.05	1	20	1	7	Q42581,Q42583,Q93Z66,Q680A5,O64888	Q6AHR3	Q9VT33	Q08CA5,Q4KME9	P60891,P11908,P21108	P32895,P38620,P38689,P38063,Q12265	P41831,O94413,P87171						P38689		
KOG0658	0.047619047619047616	0.030303030303030304	1	33	1	7	Q39019,P43288,O23145,P43289,Q9FVS6,Q8VZD5,Q39010,Q39011,Q96287,Q39012	Q9U2Q9,Q09595,G5EFV1,P91267,Q9XX60,Q93344,Q93372	P83101,P18431,Q9VK37	Q9YH60,Q9YH61,Q1LYN4,B8JIQ1	P49840,P49841,M0QYV0	P21965,P50873,P38615,Q12222	Q9URT9,Q10452					P49841			
KOG0315	0.14285714285714285	0.125	1	8	1	7	Q9LV27,F4IIK6	P91040	Q9W328	Q803V5	Q9BVC4	P41318	O74184			Q9W328					
KOG0290	0.07142857142857142	0.1	1	10	1	7	Q9LPV9,Q38960,Q9XGN1	Q93758,Q93759	Q9VR53	Q7T3E0	P61962	Q12523	O74763		Q93758						
KOG0660	0.1847985347985348	0.12121212121212122	8	66	4	7	Q9M1Z5,Q9LMM5,Q8GYQ5,Q9LQQ9,O23236,Q9C9U4,Q8W4J2,Q84M93,Q9C5C0,Q9LUC3,Q39021,Q9SJG9,Q39022,Q39023,Q39024,Q39025,Q39026,Q39027,Q9LM33,Q9LV37,F4JG28	Q11179,P39745,Q17446,Q8MXI4,O44514,G5EBT1,Q19243,H2KYF8	Q9W354,P40417,P83100,O62618,O61443	O42376,Q9DGE2,Q9DGE1,Q0H1F2,Q6P023,Q7ZVK8,Q5RHW0,B0V360,Q6IQ84,A0A0R4IIR5,E9QEY0,E7F292,F1QHF2	P28482,P27361,P31152,Q16659,Q13164,Q15759,P53778,O15264,Q16539,Q8TD08	P16892,P32485,P36005,P14681,Q00772,P41808	Q09892,P27638,Q92398		O44514,G5EBT1	Q9W354,P40417,O62618,O61443	Q9DGE2		Q00772		
KOG4738	0.013888888888888888	0.04	1	25	1	6	P43392,Q38804,P25860,Q38805	P17511,P17512	P04357,P11956,Q9VDN2,Q8I9B4		P0DM35,P04731,P07438,P04732,P04733,P13640,P80294,Q8N339,P80297,P02795,P25713,P47944	P41902,P0CX80	Q9UTC0					P25713			
KOG0160	0.025974025974025976	0.0392156862745098	2	51	1	7	F4IVR7,F4HWY6,F4IRU3,F4IUG9,F4JM19,Q0WPU1,Q9M2K0,F4K5J1,Q9LHE9,F4K0A6,F4I507,F4JIU4,Q39160,Q9LKB9,F4I5Q6,F4I460,F4HXP9,F4K5I5,F4I9H4,F4K5I9	Q20357,G8JY81	A0A0A1EI90,M9PCY6,M9MRE4,A1Z6Z8	A7UA95,Q5PRA5,E7F6P4,E7F1M9,A0A0R4IB90,E9QC67,A0A0R4IEQ7,F1QYX4,F1QKS0,E7FB39,E7FCI5	Q8IZT6,Q15051,P35580,Q96H55,B0I1T2,Q9Y4I1,Q9ULV0,Q9NQX4,Q96JH8,Q5U651	P19524,P32492	O74805,O94477				A0A0R4IB90,F1QKS0				
KOG0223	0.041666666666666664	0.029850746268656716	2	67	1	6	Q8VZW1,Q8LFP7,Q8W037,Q9C6T0,Q9FIZ9,Q8W036,Q9SV84,Q9SAI4,Q8LAI1,P61837,Q08733,Q39196,Q8LAA6,P43286,P43287,P30302,Q9FF53,Q9SV31,Q9ZV07,P93004,Q9ZVX8,Q9M8W5,Q9FK43,Q9M1K3,P25818,Q41963,O82598,Q41951,Q41975,Q9FGL2,P26587,O22588,O82316,Q9STX9,O82369,Q9M818,A8MRW1	G5EEK0,H2FLH4,Q7YWQ1,Q18469	Q9V5Z7,P23645,Q9W1M2,D3DMU9,Q9W1M3,D1Z394,Q9W1M4	Q6DEI6,D3U0R1,Q4ZJI3,D3TI82,Q6NZ72,Q6AZD2,Q66I64,F1QQB8	P29972,P41181,P55087,P55064,Q13520,O94778,P30301,K7N7A8	P0CD91,P0CD90,P0CD98						P29972,P55087			
KOG0698	0.028571428571428574	0.010101010101010102	1	99	1	7	Q9LR65,Q8RX37,Q9LNW3,O80492,Q9SA22,Q9LNP9,Q9LMT1,Q9LME4,Q9S9Z7,Q8VZN9,Q9FX08,Q9LNF4,Q9FXE4,Q9M9C6,Q9CAJ0,Q8L7I4,Q8RXZ4,Q9SL76,Q9SIU8,O81716,Q9SLA1,Q9ZW21,O80871,P93006,O64583,Q9XEE8,Q940A2,Q9M8R7,Q9M9W9,Q7XJ53,P49598,Q9LDA7,Q9LRZ4,Q9LUU7,Q9LW60,Q3EAZ3,Q9SD02,Q3EAF9,Q9M1V8,Q93YS2,Q8GY60,Q9SUF4,Q9T010,P49597,P49599,Q93YW5,Q8RXV3,Q9SZ53,O82637,Q6NKS1,Q8LAY8,P46014,Q4PSE8,Q9XGZ9,Q0WRB2,Q9FG61,Q9FLI3,Q94AT1,O04719,Q9FIF5,F4I7L4,F4IG99	P49594,P49596,G5EEM6,Q95XK4,G5EDI3	Q9W4H8,Q9VJ61,Q9VZS1,Q9XZ28,Q9W0Q0	A2ATY1,E7FAZ1,Q6NYW2,A2BE49,A0JMP2,F1R0V7,F1QD96,F1QKC2,E7EY20,F1R3T2	Q9H0C8,A8MPX8,O15297,Q8WY54,P49593,Q8N3J5,Q5SGD2,Q15750	P25646,P35182,P39966,P34221,P38089	P40371,Q09172,Q09173,O14156		P49596						
KOG0685	0.06666666666666667	0.058823529411764705	1	17	1	5	Q9SU79	E0AHD3,O76383	P18487,Q9VVK1,Q7K4C2,Q9VHN8,Q9VSR8,Q9VVK2	F1Q7C3,B8JJQ4,F6NIA2,A8WHP1,B8A458	O60341,Q6QHF9,Q9NWM0							O60341			
KOG0592	0.14285714285714285	0.07692307692307693	1	13	1	7	Q9XF67,Q4V3C8	Q9Y1J3,Q9UA62	Q9W0V1	Q6NZV1,F1R447	O15530	Q03407,Q12236,Q03306	Q12701,Q9Y7J6			Q9W0V1					
KOG1162	0.01098901098901099	0.037037037037037035	1	27	1	7	Q93ZF5,Q6R8G8,Q6R8G7,Q6R8G6,Q6R8G5,Q6R8G4,Q6R8G3,Q6R8G2,Q9LJW0,Q6R8G0,Q8S403,F4ISV2,Q8VYS9	Q9XX10	Q9VWZ2,Q9VRR2,Q7KT29,Q9W4P9	A8DZH4,Q1LYM7	Q9UBH6	P16151,Q02979,P40528	Q9UTD8,Q10151,Q9UU86	Q6R8G6							
KOG1893	0.05	0.1	1	10	1	5	F4IN58	A0A061ACU2	M9MSG8,A0A126GUQ2	E7FD74,X1WC87,A0A286YA66,A0A0R4ICM5	Q92508,Q9H5I5						E7FD74				
KOG3534	0.1	0.14285714285714285	1	7	1	5	Q5S2C3	O44518	Q9VF87	Q90YM8,A5A5E1	Q7L576,Q96F07							Q7L576			
KOG0909	0.14285714285714285	0.14285714285714285	1	7	1	7	Q9FGY9	Q9TW67	Q7KRR5	Q503I8	Q96IV0	Q02890	O74739		Q9TW67						
KOG2963	0.07142857142857142	0.1111111111111111	1	9	1	7	Q9ASU7	O44991	Q9VDE5	F1QUZ5	Q9NQ55,A0A0B4J1V8	P38789,Q12153	O14206						P38789		
KOG1755	0.14285714285714285	0.05555555555555555	1	18	1	7	Q42449,Q42418,Q9FE63,Q38904,Q38905	Q9XW16,Q20025,Q21193	P25843	E7F0A1,Q802D5,A5WWI6,X1WCU6	P07737,P35080,Q8NHR9	P07274	P39825			P25843					
KOG2283	0.08928571428571429	0.08	2	25	2	7	Q9FLZ5,Q9LT75,Q8H106	G5EE01	Q7KMQ6,Q9VMY8	Q6TGR5,F1QG29,E7FC59,F1Q649,E7F355,E7F8A0,A0A0R4IWM3,E9QDB1,E7F486	O75061,O14976,P60484,Q9HBL0,Q68CZ2,Q63HR2,Q6XPS3,P56180	P53916	O94526			Q7KMQ6		P60484			
KOG0087	0.028571428571428574	0.02127659574468085	1	47	1	7	P28185,Q39222,Q9FK68,Q9SN35,O49513,Q9FJH0,Q9LK99,Q1PEX3,Q9S810,O04486,Q9LNW1,Q96283,Q9FIF9,Q9FJN8,Q9SMQ6,Q9FE79,Q9LH50,Q9FGK5,Q9SRS5,P28187,Q9SIP0,P19892,Q9C9U7,Q0WQN4,Q9LNK1,Q9SUG1,Q3EAC2,Q3E8G1	O01803,Q1ZXR4	O18335	Q5U3E1,Q1L8G2,Q1LVA5,Q6DGU2,F1RDZ1,Q1LVZ0,F1Q9W8	P57735,P62491,Q15907,Q9UBK7,F2Z3J7	P48559,P38555,P51996	P17610					P62491			
KOG0393	0.06114718614718614	0.05	5	100	3	7	O82481,P92978,Q38902,Q38903,Q38912,Q38919,Q38937,Q9SBJ6,O82480,Q9SU67,Q9XGU0,F4J3B2	Q05062,Q03206,Q94124,Q22038,G5EBV3,O62422,Q19739	P40793,P40792,P48554,P48148,Q24192,Q0KHU4,Q7JWS8,M9PG08	Q6NUX8,Q6DHM9,Q7T2E8,Q6DHE8,Q52WX7,Q6PFU4,Q7ZSZ9,Q5YLG6,Q7ZUQ1,Q29RC5,A2BI17,Q803L7,E7F7Z2,Q6TEM4,Q52WY8,Q6PE28,Q803F2,Q6DGB7,Q5U3T8,Q7T399,A9JRY8,Q6PC71,Q1LY78,Q1LY89,Q7ZVI3,F6P696,R4GEN8,F1R1D2,E7EYX3,E7FDG6,A3QJU6,A2BHI1,E7EYA0,F1QA56,Q5TZD5,R4GED8,E7F6W1,F1RCR8,F1QM54	P60953,P63000,P15153,P60763,O94844,Q9BYZ6,O94955,P61586,P62745,P08134,O00212,Q9HBH0,P84095,Q15669,Q9H4E5,P17081,Q7L0Q8,Q96L33,Q92730,P52198,P61587,U3KQV3	P19073,P06780,P06781,Q00245,Q00246,P53879	Q01112,Q09914,Q10133,O13928,Q874R1,Q9HE04			P40792		P63000,P61586,P52198	P06780		
KOG1667	0.2	0.125	1	8	1	5	Q9SE33	G5EEI8	Q9VCC0	Q7T3F7,Q4QRD9,Q6DBR7	Q9UHD1,Q9UKP3					Q9VCC0					
KOG1010	0.1	0.1	1	10	1	5	Q9LKZ3	G5EDT1	Q24472,Q9VF04	F1Q9D6,F1QY31,E7FDM3	P28749,Q08999,P06400					Q24472					
KOG4271	0.2	0.1	1	10	1	5	F4JQZ3,Q9FMP8,Q8RWQ4	O45611	Q9VX32	F1R372,A5PF53,E7F8G5	Q13017,Q9NRY4					Q9VX32					
KOG1870	0.03571428571428571	0.023809523809523808	1	42	1	7	Q9SX68,Q9ZSB5,Q9MAQ3,O22207,Q9C585,Q93Y01,Q8LDK5,Q9LJX6,Q9LXH3,F4HXR7,B3H6U3,F4HUG8	Q8WT44,Q19132,Q9TYY8,Q93875	M9PD06,Q7JW61,Q9W117	A5PN09,A5PMR2,B7ZDA8,E7FCR5,A0A0R4IPU7,E7FD00,E7EZD6,E7F6P1,F1QPF4	P51784,Q9Y4E8,O94966,Q9Y2K6,Q70CQ4,Q8NFA0,Q8TEY7,Q70EL4,Q13107,P35125	P53874,P39538	O60079,Q9USM5		Q8WT44						
KOG1792	0.03571428571428571	0.030303030303030304	1	33	1	7	Q9SUR3,Q9SUT9,Q9SH59,Q9FFS0,O82352,Q9M145,Q9SS37,Q9LJQ5,Q6NPD8,Q9M392,O64837,A2RVT6,Q9ZU43,Q8GYH6,A8MR23,A0A1I9LMG1	G5EDI2	Q9VIB7,E1JHT6	Q4G5K8,Q4G5V7,Q4G5W2,Q4G5W3,Q4G5T7,F1R540,A0A0R4IL48	Q16799,O75298,O95197,Q9NQC3	Q04947,Q12443	P53694					Q9NQC3			
KOG1517	0.2857142857142857	0.25	2	8	2	7	Q93YQ1,Q9LZW9	Q68TI8	Q9W437	A0A0R4IFI0	Q8N122	P38873	P87141			Q9W437		Q8N122			
KOG1426	0.028571428571428574	0.016129032258064516	1	62	1	7	Q9FJG9,Q9FN03,Q8GWF2,Q9LU80,Q0WSJ9,Q93Z10,A2RVN2,Q9LDU3,Q8GYL6,Q9LFS0,Q9M2S1,A0A1I9LR23,A0A1I9LSN5,F4J2C4	Q18211,Q5DX34,A0A0K3AU54,Q7YTU9,G5EEZ1	Q9VNZ8,Q9VR91,P25171,Q9VQ16,Q9VAG5,Q7KTW3,Q9VD63,Q9VPU0	E7FBA7,Q6NY65,B8A4R1,A0A0G2L163,F1QWN9,F1QV77,A2CES1,F1QKS2,A0A0R4IJG8,F1Q9S9,F1Q9Y8,F1Q5V5,A2BFP4,E7EYK8,A0A0R4ICZ8,F1QM29,F8W4K3	Q96Q42,Q9Y4D8,Q15751,O95714,Q8TD19,Q8NDN9,O95199,Q96I51,P18754,A6NED2,Q92834,Q9UGK8,O43149	P31386,Q08023,P21827	P28745,O42645		Q5DX34						
KOG1985	0.07142857142857142	0.1	1	10	1	7	Q9SFU0,Q9ZQH3	Q23368	A1Z813	E7F715	O95486,O95487	P40482,P53953	Q9UUI5	Q9SFU0							
KOG1020	0.14285714285714285	0.125	1	8	1	7	A5HEI1	Q95XZ5	Q7PLI2	F5HSE3,F1QBY1	Q6KC79	Q04002	Q09725			Q7PLI2					
KOG2445	0.14285714285714285	0.125	1	8	1	7	Q93VR9,Q8S9I8	O45933	Q7K2X8	Q6TGU2	Q96EE3	P53011	Q10099			Q7K2X8					
KOG4200	0.16666666666666666	0.1111111111111111	1	9	1	6	Q9FFD9,F4I340,Q8L615	Q8MXG1	Q9V3X4	F1Q9V5,E7EYM9	Q96G97		O14119			Q9V3X4					
KOG1315	0.07142857142857142	0.05	1	20	1	7	F4JLZ6,Q8VYP5,Q5M757,Q94C49,Q500Z2,Q93VV0	Q8I0G4,Q5FC64	A1Z833,A1ZAR2	F1Q7H8,E7F587,Q5BLG4,F1QXD3	Q96MV8,Q5W0Z9,Q9UIJ5	P42836	O14345,Q9C0W9		Q5FC64						
KOG4204	0.07142857142857142	0.02702702702702703	1	37	1	7	Q9SRH9,Q9LFQ3,O48686,O04539,Q9XIE1,Q9XIK6,Q9SZ67,Q9LFQ1,B2GVM8,Q84R24,O04572,O04571,Q8LCT6,Q9ZUB5,Q9LK19,O48689,O48692,Q9FZK9,Q9SY67,Q9FJS7,F4I964,F4HR62,F4HR59,F4HR64,F4J0F5,F4K8B2	A5JYW9	A0A0B4K765	A5D6S0,Q1LYM8,E7F0R9	Q96ST3,O75182	P22579	Q09750,O13919,O74755					Q96ST3			
KOG2177	0.001310615989515072	0.00273224043715847	1	366	1	7	Q8VZ10	Q9U489,P34611,Q03601,Q20548,Q03605,G5ED20,O01482,O45438,P91483,P91482,O01481,O16556,Q93343,F3NWW4,Q19818,H2L0K3,O76558,O17189,O16555,O17191,O16560,O17192,O17190,O76557,O76354	Q8MQJ9,Q9V4M2,Q9W5T4,Q9VLR7,Q7K4D1,M9PH32,Q4QPY0,Q9VE55,B7YZK8,A0A0B4KGE5	Q1LY10,E7FAM5,Q58EC8,E9QHE3,A5D8S5,Q503I2,Q6E2N3,Q7ZU70,A8WG25,Q5U3I5,Q503E5,B8A5M1,Q1ECU9,F1QIK4,A8WG17,F1R358,Q1MT09,B3DKE1,X1WBW4,B3DJR0,F1Q977,B7ZVP9,B0S6R8,Q0P447,Q08C26,F1R5B7,Q6IQH8,A4FUN6,F1R783,Q1L8B2,A0A0R4ISE2,Q6DHS0,F1R9D1,A9JSZ8,F1QT05,Q1RLP5,F1QZB6,U3JAV2,Q29RB6,F1Q8S8,A8E7R9,E7FAH0,F1R390,A0A0R4IIJ3,F2Z4W9,F1QQG3,A0A0H2UKU5,A0A140LGX6,A0A0R4IDY8,F1QKR8,A0A0R4IBN3,X1WEF5,A0A0R4IPB1,A0A0R4IPI6,Q1MT11,B8JLS7,A0A0R4IY71,F1QJY4,A0A0R4IVY0,F1QSW1,F1QS63,B0S6Z7,E7F6W7,E7F8P0,A0A140LGW2,F1QN09,F1R3Q1,U3JAZ2,A0A0R4IV10,F1QMZ7,E7F805,A0A1D5NS95,A0A0R4ICE2,A0A0G2L0E2,E7FAU0,F1QZQ5,X1WEE8,A0A0G2KRG9,A0A286Y8K8,E7FF27,F1R7D2,E7F3Y3,A0A0G2KV14,F1QTI0,A0A0R4IAK4,A0A0R4INQ4,F1QV80,E7F4P5,F1QUB4,B0S648,A8E7M3,A0A0R4IGE1,A0A1D5NS27,F1QEN0,F1QQV8,I3ISK5,F1QAM6,E7FBZ8,F1Q6F7,B0S7W6,E7F5R5,B0S644,A0A0R4IHD9,B0S647,F1R9K8,F1Q5R2,A0A0R4INJ4,X1WD42,A0A0R4ISN2,F1QN31,F1Q5D7,E7F1U3,A0A0R4IL45,E9QJ98,A0A1L1QZS8,X1WCD1,B0S717,A0A0R4IH01,B0S6S0,F1QHA1,X1WE41,F1QBQ9,E7F8T5,X1WDR3,E7F136,F1R9Z3,F1QYX5,F1R437,A0A286Y9B5,A0A0R4IH36,F1RE02,A0A0R4IUF9,A0A0R4IH12,A0A0R4IKW1,B0S649,F8W5K6,B0S646,Q5RHH2,A0A0R4IUT0,E7FER2,B0S645,F1QWI8,B0S6J2,X1WBJ0,E7FDQ1,A0A0J9YJA4,B0S723,A0A1L1QZP9,E7EYM0,E7FDZ1,A3KQE0,E7FBQ2,A0A286Y945,E7EZK6,B0S722,E9QFY2,E7FBJ9,E9QBU0,A0A0R4IKC7,X1WEI6,E7F7U4,A0A0R4IKS9,B0S651,A0A0R4IUS8,F1R0A0,E9QJG9,A0A0R4IEH8,A0A0R4II92,B8JMA4,X1WHK1,A0A0R4IKI3,F1QJH1,F1Q9G2,F1R1G4,F1R991,F6P5X8,E7F5J0,L7N0X1,B0S650,A0A0R4IBZ2,E9QF70,F6P534,F1QFW2,F1QW11,B0S721,F1QYZ8,B0S6R9,X1WCQ4,B0S6J1,H0WEM7,F1QZK7,F1QBY6,F1Q674,Q5RIK0,E7EZC5,Q1L9F9,A0A0R4IJ29,A9C3N7,E7FCI6,I3ITQ0,A0A1D5NST5,X1WE21,E7EYE7,F1QLZ1,B8JI86,F8W341,E7F7F3,A0A0R4IBT4,Q1LXS0,A0A0R4IDG6,A0A0R4IUM1,E7F8R6,A0A0R4IJ94,F1QTC4,B0S6R7,Q5RIK1,F1QJ94,B0S6S1,A2BFT4	Q5W0U4,Q6UXE8,Q6UX41,Q6UXG8,Q8N3K9,Q96PL5,Q9BXM9,Q9BTV5,A1L4K1,Q2Q1W2,O15553,Q6VVB1,Q8NBF2,Q5JS37,P0CG21,P29590,Q8WXC3,F8VTS6,O75677,O75678,O75679,A6NLU0,Q6ZWI9,Q9ULX5,Q8IUD6,Q8N8N0,Q8N6D2,Q96D59,Q9NXI6,Q5TA31,Q9H0X6,E7ERA6,M0QZC1,Q9H2S5,P19474,Q7Z6J0,Q8TEC5,Q8TEJ3,P23497,Q9HB58,Q13342,Q9H930,Q8WW59,O15164,Q13263,A6NDI0,P0CI26,C9J1S8,A6NI03,A6NLI5,Q9UDY6,Q96F44,O60858,Q9C019,Q9Y577,O15344,Q8IYM9,Q14258,Q12899,P14373,Q9BZY9,Q13049,Q9UPN9,Q9BYJ4,Q9UPQ4,Q9NQ86,O94972,O00635,Q9HCM9,Q6P9F5,Q8WV44,Q8IWZ5,Q96BQ3,Q9H8W5,Q7Z4K8,Q96LD4,Q8IWZ4,P0CI25,Q86XT4,Q9BSJ1,Q96A61,Q9BYV6,Q9BRZ2,Q8NG06,Q8IWR1,Q495X7,Q5EBN2,Q9BVG3,Q969Q1,A6NGJ6,Q6PJ69,O15016,Q6AZZ1,Q86WT6,Q6ZMU5,Q86UV7,Q86UV6,I1YAP6,Q9UJV3,Q9C040,O75382,Q9C037,Q9C035,Q9C030,Q9C029,Q9BZR9,Q8N9V2,Q8N7C3,A0A096LP39	Q12161	Q9P3U8					Q7Z4K8			
KOG0236	0.012987012987012988	0.016666666666666666	1	60	1	7	Q9SAY1,Q9MAX3,Q9FEP7,O04722,P92946,Q9SV13,O04289,Q9SXS2,Q9LW86,Q94LW6,Q9FY46,Q8GYH8	Q94225,G5EC30,G5EEA7,G5EED0,O17951,G5EFB2,G5EDS5,O45016	Q9VC29,Q9VVM6,Q9VAC2,Q7K4I4,Q9I7H4,Q9VA55,Q9VF45,Q7K155,Q9VF65	Q1RLN9,Q7T2C4,B0V3V8,E7F9I7,B6DUH8,B6DUH7,A9C3T3,F1QGE0,F1RCN8,A0A0R4IDN4,E7FF67,F8W5J9	Q8NG04,Q86WA9,Q9H2B4,P50443,P40879,O43511,P58743,Q9BXS9,Q8TE54,Q96RN1,Q7LBE3	P38359,Q12325,P53394,P53273	O74377,Q9URY8,O59782,Q09764					P58743			
KOG1082	0.011111111111111112	0.02564102564102564	1	39	1	6	Q9FF80,O22781,Q9C5P4,Q8GZB6,O82175,Q8VZ17,Q9C5P1,Q9C5P0,Q9T0G7,Q3EC60,Q946J2,Q9FNC7,Q9SRV2,Q8W595,O64827	Q95Y12,G5EEU2,Q9TYX6,Q9GYG8,O17186,O17679,Q93368,Q966C5,Q9N5H6	P45975,M9PGH7,Q9VGW0	Q6DGD3,B7ZVG0,F1QKB1,B0S6M0,F1QJX1,A0A0G2KCN9	Q9H9B1,Q96KQ7,Q53H47,O43463,Q9H5I1		O60016	Q9C5P0							
KOG0437	0.14285714285714285	0.125	1	8	1	7	F4I116	Q09996	Q9VQR8	E7F9F1,F1QFN3	Q9P2J5	P26637	Q10490					Q9P2J5			
KOG1727	0.14285714285714285	0.125	1	8	1	7	P31265,Q9M9V9	Q93573	Q9VGS2	Q9DGK4	P13693	P35691	Q10344			Q9VGS2					
KOG0891	0.09999999999999999	0.11764705882352941	2	17	2	7	Q9FR53	O01510,Q95Q95	Q70PP2,Q9VK45	C5J7W8,B0UX67,E7F4J7	Q9H3K6,P42345,P78527,Q96Q15,H3BVE0	P35169,P32600	O14356,Q9Y7K2			Q9VK45		P42345			
KOG0939	0.14285714285714285	0.0625	1	16	1	7	Q8GY23,Q8H0T4	U4PBY0	Q9VR91,Q9VQ67,Q9VXR3	F8W2M1,E7FDI3,F1Q5V5,F1QL68	O15033,Q8IYU2,Q5T447,Q7Z6Z7	Q03280	O13834						Q03280		
KOG0601	0.19047619047619047	0.14285714285714285	2	14	2	7	Q8L4H0	Q20085,O18209	Q9NI63,P54350,Q8SWS7	Q1LX51,B1H1M4	Q99640,P30291,P0C1S8	P32944	P30290,P07527			Q9NI63			P32944		
KOG0584	0.05	0.047619047619047616	1	21	1	5	Q8RXE5,Q6ICW6,Q9CAV6,Q8S8Y9,Q9STK6,Q9LVL5,Q9SCU5,Q8S8Y8,Q8LST2,Q944Q0,Q2V338	X5M5N0	M9PGC5	X1WG08,F1R801,F1Q9B6,X1WGD9	Q9H4A3,Q9Y3S1,Q9BYP7,Q96J92							Q9BYP7			
KOG1216	0.016666666666666666	0.012987012987012988	1	77	1	6	Q9FHB2	G5EFL3,Q22886,O02357,G5EF34,Q21948,H9G2U2,G5EDT4,Q19964,Q9TYK4,D3KFV8,Q09538,A0A164D3B2,H2KYQ3,B6EU64,O02360,Q18048,G4SF79,Q9XTQ9,Q9GZF5,O02358,Q23036	Q9VD83,Q02910,Q9I7U4,Q9W2H2,Q8SXY5,Q9VGW4,Q9VPC4,Q8IR22,Q9VU94,A1Z9J3	Q7T3Q2,E7F9Z1,B3DFV8,B6IDE3,E7F073,X1WG49,F1QSL8,A0A0R4I9R7,A0A1D5NSC6,H9GXI4,F1R5I2,F1QK57,A0A0R4IJL6,A0A0G2L8S7,X1WBL9,F1Q5X7,X1WG18,A0A0G2L2V4,F1Q752,X1WHS8,A0A0R4IWA2,F1QAG6,X1WG46,F1Q7N1,F1Q539	Q8N8U9,O43405,Q9NZV1,Q86XX4,P98088,Q9HC84,Q6W4X9,Q00604,P07197,Q3ZCN5,Q6ZRI0,O75443,Q6UXI7,Q96DN2,P04275,Q9Y493,A0A087WXI2,A0A087WVT8	P40442,Q05164				A1Z9J3					
KOG4561	0.03333333333333333	0.05555555555555555	1	18	1	6	Q8GSI6,Q93Z82,Q93ZA9		Q9V3S7	Q5XIY2,E7FG14,F1Q640,F1QYC0,F1QF55,A0A0R4IJ79	Q9UBY8,Q8TBR7,Q71RH2,Q96MV1,S4R434	P47153,Q06107	O13752					Q9UBY8			
KOG0576	0.2	0.08333333333333333	1	12	1	5	O24527	Q23290	A1ZBH7	Q1RLZ2,Q1JQ22,B8A6G9,E7F7S9,X1WD89	Q92918,Q12851,Q8IVH8,Q9Y4K4					A1ZBH7					
KOG2027	0.14285714285714285	0.05555555555555555	1	18	1	7	Q8L402,Q4PSP2,Q8RXT2,Q9FX63,Q9C6L2,F4HUX0,F4JNS8,F4ITF9,F4IB75,F4JNM2,F4ICV8,F4IHD7	G5ECX8	Q9VRY6	Q7ZVT1	P53990	P53843	O74490					P53990			
KOG1334	0.041666666666666664	0.09090909090909091	1	11	1	4	Q8L862,F4JTP6,F4J6P6		Q9W091	B3DJF2	A6NGE4,P0C7V8,Q58WW2,Q5TAQ9,Q8N5D0,V9GY54							Q8N5D0			
KOG4183	0.16666666666666666	0.16666666666666666	1	6	1	6	Q9LVK6		Q9VE94	Q501W9	Q9GZS1	Q01080	O14086						Q01080		
KOG1290	0.14285714285714285	0.05263157894736842	1	19	1	7	Q9FE52,Q9SHL5,Q9FYC5,F4J982,F4JN22	Q03563,A5Z2W6	Q9VXN5,M9NGC6,A0A0B4KF69	A8Y5S5,F1REN8,E9QC92,I3IS69	Q96SB4,P78362,Q9UPE1	Q03656	P36616						Q03656		
KOG1382	0.03333333333333333	0.07142857142857142	1	14	1	6	Q941B2		Q9VV72,Q9W438	Q08CJ4,F1RD51	Q9UNW1	P24031,P00635,P35842,P38693,P52290	P08091,Q01682,O60172						P00635		
KOG2345	0.14285714285714285	0.14285714285714285	1	7	1	7	O04265	Q18988	Q9VI84	A2CEW6	O75716	Q12003	Q10078			Q9VI84					
KOG1225	0.06857142857142857	0.07692307692307693	2	26	2	5	F4K306	G5EGQ6,O44443,P34293,Q564Y0,H9G306,P91307,A3FPK1,O16265,G8JZ70,Q22913	Q9VYN8,O61307,Q9W3W5	Q9W6F9,F1QYE2,A2CF37,B0S6K5,A2CEW3,F1R6P9,A0A286Y8V4	Q9NT68,P24821,Q9UQP3,Q92752,Q9Y5W5						F1QYE2	Q92752			
KOG2037	0.2	0.03571428571428571	1	28	1	5	F4I2I5,F4ITY5,F4KG14	Q9BMU4,O62433	Q9VC57	F6NJS4,B0V1H4,Q6DHP7,E7FED8,Q1MT80,F1QUY8,A0A0R4IEN6,E9QGX9,A0A0R4IWC7,A2CEM4,E9QF26	Q8WXF7,Q8NHH9,Q6DD88,P32455,P32456,Q9H0R5,Q96PP9,Q96PP8,Q6ZN66,Q8N8V2,Q9ULX5					Q9VC57					
KOG2022	0.14285714285714285	0.125	1	8	1	7	F4HNZ9	Q22529	Q9VEC5	F1Q9F5,X1WB88	O94829	P32767	Q09796						P32767		
KOG0488	0.025	0.037037037037037035	2	54	1	5	F4JI72	P53547,P26797,Q22909,Q22910	Q24255,Q24256,P10035,P22807,Q7KS72,Q7KS77,Q9VYL0,A0A0B4KH37,Q9W064,M9NDG6	Q503F2,Q9PTU1,Q9PTU0,E7FDX5,Q804R0,Q8JI13,Q8AV71,Q6ZM39,Q53B63,A1A5U3,Q6YI96,Q9DGM8,Q9DGM9,A2CEG4,F1RD77,A0A0G2KH34,F1QSY0,B8JMG3,F1QW36,B8A4P8,A0A0G2KJM4,A0A0R4IEB2,F6NKZ9	Q9BZE3,Q9NY43,Q9HBU1,Q9UMQ3,A6NMT0,Q6ZNG2,Q14774,P52954,Q6XYB7,Q15270,Q9UD57,P06748,P31314,O43763,O43711,O95231							Q9NY43,P06748			
KOG4278	0.125	0.16666666666666666	1	6	1	4		P03949	P00522	F8W2F9,B0UXN7	P00519,P42684							P00519			
KOG3645	0.008064516129032258	0.00909090909090909	1	110	1	4		G5EG88,P48181,P54244,O76554,Q23022,Q9N587,Q27218,P48182,Q93149,P54246,P34271,P54245,G5ECT0,Q19351,G5EDF1,G5EG72,Q23355,G5EGR1,B1Q281,O16426,Q4R170,G5EE87,Q22084,Q9GUF0,Q6F6K3,Q22079,Q9N4R6,O61216,Q4W520,Q22081,Q93329,Q95Y94,Q17999,Q93323,A5JYS3,Q9XTY8,Q22083,O61519,H2KML8,Q9NAM5,O44452,Q22085,O44497,O18228,Q17511,H2KZY7,O61520,Q9N4M3,Q22080,Q6BEQ0	P09478,P17644,P04755,P25162,Q9W3G6,Q9VPQ8,Q9W288,A8JNX5	Q98880,Q1RLX8,A2BG85,Q75XT1,Q0PJT8,Q8AV68,Q567Y7,F1QMX1,A0A0G2L3H0,A0A140LGX8,E7F892,F1QR92,X1WH21,A0A0R4IEE6,F1QTM9,F1QKS3,F1QIM0,A0A286Y9K8,R4GF05,E7F3Z9,E7F4S7,X1WHX6,X1WBP0,X1WDW6,F1R5W9,E9QBV8,F1R808,A0A0R4IP48,A0A0R4ISQ3,E7F9V1,F8W4S9	P46098,O95264,Q8WXA8,Q70Z44,A5X5Y0,Q9GZZ6,Q15822,P32297,P43681,P30532,Q15825,Q9UGM1,P02708,P17787,Q05901,P30926,P11230,Q07001,Q04844,P07510,Q401N2						Q98880				
KOG3656	0.0018102307972997628	0.0025252525252525255	2	792	2	4		Q18007,Q09388,Q9U320,E7EM37,Q6RYS9,Q18775,Q18179,Q09502,Q03613,Q18904,Q23497,O02300,O62169,Q19084,O02213,P34311,Q11082,Q10904,Q18701,G5EEB1,O17470,G5EG36,G5EGH0,A0A131MCZ4,Q17553,U4PMM5,Q8MPR3,O45096,G4SNP8,Q18929,Q19397,Q9XUK8,Q19295,O76667,O44536,Q22995,Q7YXG8,B6EU69,A0A0K3AXD3,G5ED22,Q20275,Q20686,P91487,Q7JP61,G5EBX8,G5EGH5,G5EFT1,O17899,O44731,P91064,Q23033,O18014,Q22485,Q20067,P91439,O62062,Q20325,Q23265,G5EDR6,Q22895,Q20841,Q8I7K6,Q7JNP9,A0A131MBE4,Q17594,P90745,Q9XVQ0,C7FZU0,O44986,P91096,O45726,Q9XVS5,O45732,O45601,V6CLI1,H2KZA0,Q1ZXT2,H9G358,O02043,Q18534,O17239,O62403,Q95YD7,Q21413,Q7YWS0,Q17478,Q95Q47,Q23305,Q6F3C9,Q9N5L5,Q19399,Q21957,Q19125,Q86ME6,Q9GYH2,Q9XXU4,Q9GYH3,Q94219,Q8MXS7	P20905,P28285,P28286,Q8ITC7,Q868T3,P41596,Q24563,Q8IS44,Q9VZW5,Q9NDM2,Q9W534,Q9VNM1,Q7JQF1,P22270,Q9VCZ3,Q4LBB9,Q4LBB6,P06002,P08099,P04950,P08255,P91657,O01668,Q8ITC9,P25931,Q8IN35,Q9VML9,Q9VEG2,Q9W4H3,Q7M3J6,Q9VB83,Q9U721,Q9VHW1,Q9VEG1,Q9W3V5,Q9NBC8,Q9VZD1,Q9VVQ1,Q9VT27,Q9VDC4,Q9VMI4,Q9VVJ1,Q9VW75,Q9VFW6,Q9VTU7,Q9VWX4,A0A0B4KFU6,M9PFL7,Q8IPN2,Q9W533,Q9VE32,A0A0B4KG01,Q7KTL9,Q9VAA2,A8JUP8,Q9VFW5,A1Z7X3,M9PF00	Q8JG70,Q8JG69,Q90WY4,Q90WY5,Q90WY6,Q7SZP9,A0T2N3,E9QJ73,F1R332,E7F7V7,Q90X46,Q9I918,Q9I919,B0V1P1,P51046,Q90456,P51049,P51052,B3DH96,Q9W6A9,Q9W6A8,Q2KNE5,Q1JPS6,P35359,Q9W6A5,Q8AYM7,Q9W6A6,Q9W6A7,Q8AYN0,Q5QNP2,Q6DHQ8,F1QAH0,Q7T1A1,B3DIJ2,F1R116,B3DHM6,A2BGL6,Q8AWE0,Q0GH74,Q9DGM2,A0PJR8,E7F359,F1Q681,B3DH72,E7FE45,E9QFB2,E7FFG5,F1Q6R0,Q5TYU0,E4W698,Q6DG12,Q5RHQ9,Q9IB88,E4W699,B3DJ81,E7FEE5,F1R5R4,Q5DJ14,B3DGN0,Q5QNN9,F1R613,F1QJG4,F6NZA7,F6PDA4,O57463,Q5QNP8,D2Y178,Q5QNP5,Q5QNP6,Q5QNQ3,B3DLG5,Q7T3E9,A1YQE3,D0EXE2,F1R0P5,A0A0N9NKH0,Q5RG95,E7EYP3,Q7T3Q3,A3QJZ0,E7F8D2,R9R6L5,A2AV71,F1QZ18,Q567Y2,F1QFF1,F1QUW3,Q2MV23,E7FDC7,F1QIS8,D0EXE4,E7FEB1,A0A0R4IQJ4,D2Y177,E7EZ19,Q5RIV6,A4FUN8,F1QQG9,E7FEQ8,B6E506,Q29ST4,A9NJI7,Q9PTF7,B1NYI2,E7FGY4,Q5QNP3,Q5QNN2,Q7ZZ32,E7FCG9,Q1LVD8,A3KNW1,X1WF41,B3DIE4,F1QAQ7,Q6DG28,Q5RG93,A9JRH6,F1R302,D3TZW2,F1QCL1,A8YXX6,Q7T3Q4,Q1MT85,F1R8K4,A8WGB2,R9R6C7,F1QQL3,X1WF65,E7FH20,Q6ZM33,F1RAF0,Q29ST6,A4IG54,Q6PR57,B1NYI3,U3JAL2,Q5QNN1,E7F1C0,D3TZW3,F1QPE1,F1Q5N3,B3DJU8,Q5QNP7,Q7ZTA3,X1WBR1,A0A0A0MPI9,F1R6F5,F1R288,E7F6G4,E7F6Y6,F1QZI3,E9QHE0,E7EZF4,F1QCD0,F1QW64,A0A0R4ID69,E7FAM4,F1Q7U6,A2BHH9,B8JHS2,F1QIS4,A0A0R4IDG1,A0A0R4IT98,A0A0R4IV97,A0A0R4IK53,E7F4J6,F1QBF9,F8W4E0,E7FCM2,A0A0R4IXN7,A0A0R4I9K1,B0S6X1,E7FDL0,H0WEI4,E9QDG0,A0A0G2L226,F1QWX3,F1QSZ7,A3KGQ1,A3QJX7,X1WBX3,F1QSA8,E7FD01,A3KPR9,B0V2S3,F1R410,F6NTE6,A0A0R4IEV3,A8E7S9,E7F3I2,F1R9E7,F1QMQ4,F1Q7U3,F1Q8T9,X1WHU4,A0A0R4IP51,A0A0R4IDA0,F1QLK8,F1Q9X6,F1QIM2,F1QWZ8,F1QJV8,F1RBP4,F1QEZ6,F1QB79,F1QZQ9,A0A0R4IAN5,F8W4W1,F1QQM7,E7EXL7,A0A0G2KIS6,X1WH67,A8E7L5,I3ISY4,A0A140LGL6,F1QQH4,Q5QNN0,F8W2E5,F1R2I5,Q1LVV2,E7FG90,Q5QNN3,A0A0R4IHZ4,H0WEP4,E7FBR2,H0WFA9,F1QIT4,F1QRN8,X1WH94,A8KAZ1,E7FD73,A9JRY7,Q5QNN8,F1QF39,E7F951,F1QTY3,F1R4W1,F1QHL7,F1QKY0,F1R5E8,A0A0R4ISN1,X1WGZ8,F1Q7L4,F1QJL9,F1Q7N9,H0WEH4,B0S6Q0,E7FFF2,A3KPY3,E7FA10,H0WF67,F1RA41,A0A0R4IB14,F1RA46,E7FD25,F1R5V3,F1R0B0,F1R618,A8E7T8,X1WHE0,E7F5I7,E7F7E1,Q5QNM9,F1R2E8,Q5RG91,F1QNP2,F1QGT3,F1QJG8,Q5QNQ1,H0WFD8,E7F5S1,F1Q955,E7EZL2,F6NR34,H9GYN8,A0A0R4II90,A0A0R4IYG7,X1WCK1,F1R6A2,Q1L962,F1QNS5,E7EYN4,F1R2Q0,F1R722,A0A0G2KES5,F1QYJ0,E7FFG8,F1QEX8,F1QCT2,I3IS68,E7F403,F1R236,X1WBF1,E7F653,F1R2U7,B0V1K7,F1QD60,A0A0G2L2K4,Q5VJN3,E9QHT0,F1R7J4,F1QCB2,H0WET4,E9QFU3,F1Q6X3,F1QYV2,Q5QNP1,X1WG37,E7F7H2,F1R3B8,A0A0R4I9M2,E7F4K9,E7FA08,F1Q9X5,F1QCV6,F1QDG3,F1RB87,U3JB35,A5WWC0,A0A0R4IPC6,A0A140LFQ7,E9QEZ6,F1QPR0,X1WHP2,F1QC25,F1R6D3,E7EZJ4,E7FBS0,Q5QNP9,F1QCT1,F1QL67,B0UYT9,A0A0G2L0V6,X1WGR6,X1WHY8,A3QK20,F1QPZ0,Q5QNQ0,E7FGZ4,F1R8T6,F1RCS3,B0R167,A0A0A0MPL9,A5PMT9,A0A0R4IUE1,F1R4Y8,X1WHX4,Q5RFY4,B0S7I8,A0A0R4IMH8,F1QZU4,F1QNG1,F1QLJ0,H0WF96,X1WHV9,F1QK12,F1QRS2,F1R5Q2,F1RCX7,B0V116,A0A286YBK1,F1QMZ3,F1R7C5,B8JL58,F1R6R5,Q5QNN4,F1QB61,A0A0G2L7D1,F1QN36,K9J6R0,Q5RI92,F1QSR0,Q5QNQ2,F1QE24,F1R465,A0A0R4IH29,A0A0R4I9D7,Q1LVY1,B8JII2,F1QNV9,E7FF58,E7FG53,F1R035,F1QPB4,F1R2F3,A0A0R4IR74,A0A0R4IR92,X1WG07,F1QLW4,B0V1I9,E7FGX9,X1WHD0,F1QU09,H0WE73,F1QD70,H0WF08,Q1LYI4,F1QG59,F1QPK9,A0A140LFN4,Q5QNN7,F1QI06,F1QA28,A2BHL6,Q5RG94,A0A0R4IK89,E7F9K8,F1RAS4,F1QBH4,F1R2V9,F1QY86,Q5RGR7,E9QG50,F1QXD7,F1Q8F2,F1QXI8,F1QM66,F1QYD6,F2Z4S2,F1QG18,F1QQP3,F1QVN5,H0WFG5,F1QRC5,F1Q6J0,E7EYK4,F1QJ88,F1Q734,X1WGH4,X1WFF8,F1QG67,A0A0G2KW99	P08908,P28222,P28221,P28566,P30939,P28223,P41595,P28335,Q13639,P47898,P50406,P34969,P30542,P29274,P29275,O00590,P25106,Q9NPB9,Q01718,P35348,P35368,P25100,P08913,P18089,P18825,P08588,P07550,P13945,P30556,P50052,P35414,P46663,P32247,P32238,P46092,P32246,P41597,P51677,P51679,P51681,P51684,P51685,P51686,O00421,P29965,Q99788,P21554,P34972,O75462,P25024,P25025,P49682,P61073,P32302,P21728,P14416,P35462,P21918,P25101,P24530,Q5NUL3,P15328,P14207,P41439,P21462,P25090,P25089,O60883,P47211,O43603,O60755,P32239,Q92847,P30968,Q96P66,Q8TDV5,Q8IZ08,Q6DWJ6,Q7Z601,Q8TDV2,Q8NGU9,Q8TDV0,Q8N6U8,Q9NS66,Q14439,P47775,Q15760,P46091,Q99679,Q99680,O00155,Q8NDV2,Q9NS67,O00270,Q49SQ1,O15354,O43194,P46089,Q9Y5Y3,Q9Y2T5,Q9BZJ8,Q9BZJ7,Q9BZJ6,P46095,Q96P69,Q9NYM4,Q9NQS5,P60893,Q9BY21,Q9GZN0,P30550,Q9BXC0,Q8TDS4,P49019,P25021,Q9Y5N1,Q9H3N8,Q969F8,Q92633,Q9HBW0,Q9UBY5,P33241,Q15722,Q9NPC1,P04201,P41968,P32245,P33032,Q99705,Q969V1,Q9UBM8,Q01726,O43193,P48039,P49286,Q13585,P28336,Q9HB89,Q9GZQ4,P48145,P48146,Q9GZQ6,Q9Y5X5,Q6W5P4,P25929,P49146,P50391,Q15761,P30989,O95665,Q9H1Y3,Q9UHM6,Q6U736,P41143,P41145,P35372,P41146,P03999,P08100,P0DN77,P04000,O14718,Q8NGR8,A6NET4,A6NMS3,O43613,O43614,Q8TDS5,P30559,Q13258,P34995,P43116,P43115,P35408,P43088,P43119,Q8TCW9,Q8NFJ6,P49683,Q8IYL9,P47804,Q9NSD7,Q8TDU9,P30872,P30874,P32745,P31391,P35346,P21731,Q96RJ0,Q9P1P5,O14804,Q96RI8,Q969N4,Q96RI9,P0DMS9,P34981,Q9UKP6,P37288,P47901,P30518,P46094,A0A0B4J269						Q9PTF7	Q9UBY5			
KOG3658	0.0625	0.08333333333333333	1	12	1	4		G5EFD9,Q94316	Q9VAC5,A1A709,Q9VAI2,Q9VJW9	A0A1D5NT24,Q5RFV3,U3JAD1,F1Q5U0	O14672,P78536					Q9VJW9					
KOG3538	0.041666666666666664	0.015625	1	64	1	4		G5ECS8,Q19204,Q19791,P90884,Q20930,Q22580	Q0E8N3,Q8SXB0,Q9W1Z6,B7YZP6,Q9W493	F1QRA8,F1QSL8,A0A286Y999,E7FEN5,A2BIA3,A0A0R4IV26,F1RDA9,A0A286Y9K2,E7FBX1,F1QW34,X1WDJ8,E7EYL5,E7FE04,E7FCQ4,E7FFX0,E7FEJ5,E7FFY5,F1R544,B0S6F1,A0A0R4IES1,A0A0R4IT78,F1R8A1,E7F6N6,E7F4N4,A0A140LGW0,A2BIA2	Q8N6G6,Q86TH1,P82987,Q6UY14,Q6ZMM2,Q9H324,P58397,Q76LX8,Q8WXS8,Q8TE58,Q8TE57,Q8TE56,Q8TE60,Q8TE59,Q9UHI8,P59510,O95450,O15072,O75173,Q9UNA0,Q9UKP5,Q9UKP4,Q9UP79,Q9P2N4,Q9UPZ6,Q9C0I4,Q6ZMP0				Q19204						
KOG0904	0.3333333333333333	0.25	3	12	2	4		Q94125	P91634	F1QAD7,E7F251,F1QVE6,F1RB17,F8W2C2,F1RCE2	P42336,P42338,O00329,P48736					P91634	F1QAD7,F1RB17				
KOG0690	0.41666666666666663	0.3333333333333333	3	9	2	4		Q17941,Q9XTG7	Q8INB9	Q8UUX0,E7EXT6,A0A0R4IY09	P31749,P31751,Q9Y243					Q8INB9		P31749,Q9Y243			
KOG0516	0.09999999999999999	0.041666666666666664	2	48	2	4		Q9N4M4,Q9TZP5,Q19011,G5EDD3,Q965L0	Q9W3Y4,A1Z9J3,M9MRJ4	E7EZ30,A0A0R4ID71,Q1L8E6,A0A0G2KKE8,B7ZCX8,I3ISA6,E9QCV2,X1WGA9,F1QUR8,F1RA35,F1QAU9,F1R6R3,F1Q6N7,F1QC38,F1RA97,E7F8G7,F1RAC6,R4GE14,F1Q5Y7,A0A0R4IAS2,A0A286YB77,A0A1D5NSJ6,A5PMT2,F1Q4X8,F1RCW8	Q96JQ2,P15924,Q03001,P58107,A8MZ36,Q92817,Q99501,Q8NHY3,Q86XJ1,O43903,Q9UPN3,O60437,Q15149,Q8NF91,Q8WXH0					A1Z9J3		Q9UPN3			
KOG0074	0.08333333333333333	0.18181818181818182	2	11	1	4		H2L0N8,O45379	Q9VD64	Q8JHI3,Q1MTE5,Q6PC92,Q6PC43,E7F7G0,F1QKW5	Q3SXY8,P36405						Q6PC92,Q6PC43				
KOG3547	0.0625	0.02631578947368421	1	38	1	4		Q17528,Q17529,P34319,Q17851,Q94175,O45363,O45435,Q19978,Q21973,Q22566,P34577,Q23369,P34672,O18303,O18304,Q10009,A0A131MB99,O16779,O17671,Q7YXH3,O17205,J7RNL4,A5JYR2,O62095,Q9NA59,Q18303,O17206,Q965X4	Q9VUM7,Q9VRW4,A0A0B4K651,Q9VUM6	B8A664,E9QIB2	O76090,Q8NFU1,Q8N1M1,Q8NFU0					A0A0B4K651					
KOG3119	0.07738095238095238	0.05128205128205128	2	39	2	4		P46505,Q94126,H2L0N3,O16213,Q21361,Q18909,Q9NAE4	Q02637,P39572,Q9VMS4,Q9VTE8,Q8SZT1,A1ZAC2	Q68EL6,Q8UVZ1,Q08BP9,Q8UVZ0,F1QZP2,A0A1D5NSQ7,Q9W722,Q6P612,Q8UVY8,F1Q964,F1QKJ7,F1Q4X0,F1QY70,F1QIC1,F1QEE6,U3JAN3	P49715,P17676,P49716,Q15744,P53567,Q10586,P35638,Q16534,Q16649,Q10587				Q18909	P39572					
KOG1026	0.03125	0.05263157894736842	1	19	1	4		G5EGK5	Q6AWJ9,Q24488,Q9V6K3	E7FCE4,Q5J1R9,B8JLJ1,E7F2R9,F1QKB5,F1QKJ0,A0A0R4ITX7,F1QB19	O15146,P04629,Q16620,Q16288,Q13308,Q01973,Q01974						Q5J1R9				
KOG3932	0.125	0.1111111111111111	1	9	1	4		Q22695	Q9V3H5	Q6DEG2,B3DH98,Q568S1,Q1LWT0,F1Q6W4	Q15078,Q13319							Q15078			
KOG0662	0.25	0.25	1	4	1	4		G5ECH7	P48609	Q9DE44	Q00535							Q00535			
KOG3573	0.022727272727272728	0.0392156862745098	2	51	1	4		P42573,G5EBM1,Q9TZP5,G5ECW5,O62520	O02002,Q8IRY7,O01382,Q9XYF4,Q9VET9,Q7KHI6,Q7KHK9	Q9I9L7,Q504J1,B0V1H3,F1QLH0,B8JK21,E7FBV5,B8A526,A0A288CG41,U3JAP7,F1Q7K7,A0A0R4IJE4,A2BGE2,F1R706,E7F2N9,F1Q7E9,E9QGI8,F1R234,E7FEH9,F1QBU9,F1QSB1,F1QQS7,E9QBR7	Q5EG05,Q5XLA6,P57730,Q9Y2G2,P29466,P42575,P42574,P49662,P51878,P55212,P55210,Q14790,P55211,Q92851,P31944,O15519,Q15121						B8JK21,F1QSB1				
KOG0484	0.25	0.125	1	8	1	4		G5EC89	Q9W1H7	Q5I7G4,F1RCT9,F1R8X3,B8A4X8	O14813,Q99453				G5EC89						
KOG4289	0.25	0.09090909090909091	1	11	1	4		G5EDK5	Q9V5N8	F1QKG4,A9C3S7,F1QBS8,F1QT64,F1RD55	Q6ZTQ4,Q9NYQ6,Q9HCU4,Q9NYQ7					Q9V5N8					
KOG4297	0.00102880658436214	0.0020408163265306124	1	490	1	4		Q09300,Q21984,P34312,Q9XVS3,Q86NG3,Q94417,Q22328,G5EBG4,G5ED09,G5EEM2,Q95XX2,G1K0Y5,Q067W9,K8ERT0,Q95XX5,Q9U2Q0,Q8WTL2,Q22206,O45586,O01337,Q8ITX4,Q9XX56,Q9XUC9,Q20581,Q20039,Q3LFM3,O44871,A9IG05,O45867,O62156,O16363,Q9XWQ0,P90733,Q19516,G5EBP6,I2HAC4,Q19229,Q9XUF4,O76586,G4RY15,Q9XVT9,O45824,O45829,O17562,Q22932,Q9XUI5,P91292,Q21471,G5EFF6,Q9TXW7,Q9GRV4,Q9U201,G5EG12,Q9XV91,Q18849,Q21146,O45275,Q9N3W5,O17155,Q95QR9,Q4R111,O44525,A4F316,Q9NAK6,Q22966,Q9XUI4,Q22955,H2KZ07,Q9XW11,O16641,Q19801,G5EDN7,A4UVL3,Q688Z5,Q9XUI6,O61964,O01701,O45822,Q9XVE1,O45823,O45375,Q9XUN6,Q9XUG2,O17672,Q20036,O44911,B3WFY9,Q95XW1,Q9N3W9,P91429,Q9N3W1,Q9U2W0,Q56VX5,O76400,A0A1N7SYU8,A4F318,Q20531,A4F311,P90732,Q19800,M1ZJV0,O44913,H2FLJ7,Q19230,D3KFV8,O62154,G5ECM8,O62498,Q9XUL7,O17630,Q9XUA7,A4F317,O76608,A4F314,Q19226,Q20665,O02343,Q7K7K8,G5EFM5,Q9NEP2,C7FZU9,Q9N4W5,A4F308,A4F315,O18202,U4PQY1,O18076,Q17450,O18268,O45419,Q4ZGE4,Q9TYL4,Q17452,Q22831,Q18821,O45534,Q9XWP9,O45821,O01253,G5EC88,O16285,O17705,O16778,Q9XUG1,O44916,Q9XWF3,A4F310,Q7YWS2,Q9N4W4,O01336,Q60F71,Q7YX12,O76609,D5MCU5,Q4PIT0,Q9NA92,Q20038,O44523,O18201,A0A2C9C3F3,O17613,O45388,O62406,Q21916,Q9XUI0,Q9N4T1,O45469,O45528,Q5WRN9,Q5ZR75,Q9XW21,E3CTG5,G4SMX8,H2L0R0,Q9XTS6,O17678,Q9U363,O44914,Q22205,Q9XUI1,Q9N3W8,O44853,A0A2C9C3D7,Q4R152,G5EDV2,Q9N3X0,Q20579,Q9XUH9,Q9N4A0,O61962,O45272,Q9XX76,O76401,O62155,O44910,Q20037,P91214,O76602,Q9N3B9,Q9U2W5,Q52GY3,O01702,O17741,O62157,Q9TZ75,O17675,Q4ZGE3,Q9XUL6,O17166,O62025,Q9U2V0,Q7JK99,Q9XXJ6,Q9NAK5,O17854,C6KRP4,Q7YX30,Q2V4T8,O44915,Q18574,O45492,Q95XM3,O16642,Q9XV92,Q9XUI2,Q9TYL3,Q9N3V9,O16210,O17852,O16660,Q9XXB7,Q2MGE7,Q22591,O45532,U4PB15,Q18492,Q9XV95,Q19231,Q18LB7,O45531,O18269,H2KMJ0,O62150	O46197,Q09101,Q59DY6,Q59DY5,Q9VQX3,Q9VIX1,B4ZJ93,Q9VGA3,A1ZB48,Q8IRH8,Q9VLM0,Q9VQU4,Q9VYR4,Q9VM16,Q9VPS2,B7YZU7,M9PFV8,Q9VM07,Q7JY62,Q9W468,Q8SZK9,Q9VLW1,C3KGN2,Q6NMY2,Q9W3D8,Q6GV06,Q9VQ53,Q7JWF7,Q9VIY0,A1Z8L7,B7Z0K3,Q9VPS3,Q9W142,A8JUX3,Q9VPS1,M9NE79,Q9VQ68,A0A0B4KEZ3,Q8INW2,M9PB26,A1Z7Z6	Q568T5,Q5U3G1,Q5RFX8,Q504I3,Q1LXQ4,Q567K3,E9QE57,B8A5M2,B3DFJ9,B3DIG2,E7F7Z4,Q5RG16,F8W3Q0,A0A140LFS0,B0S6P2,E5DV48,Q24K33,Q5RG15,Q5RG14,A9JRA9,Q1L8A7,A4FVG7,A8E4S9,Q5RG08,E7FAQ3,A5WUG5,A0A0R4INM0,F1QYF2,F1QS24,E7FBB7,F1R979,E7F250,A0A0R4IRN4,R4GF04,F1QHZ0,A3QJU1,A3QJU0,Q5RIA0,A5WWM3,A5WUH4,F8W3G6,F1QM69,F1R6C9,A5WWM2,F1QC82,B8JM28,Q5RFX1,Q5RFX5,A2CEH8,F1R5K2,B8A5W1,F6NUW0,E7F927,E9QI32,F1RCZ8,Q5RI96,A9C461,A5WUI8,E9QC14,E7F6Y1,F1R2T2,A2CEH6,E9QIL9,A5WUJ5,A0A140LH47,A0A0G2KJW0,Q1LWY8,A2AW96,E7F0Y1,F6NHW9,A8HAJ4,B0R0P1,A5WUG7,E7F2R6,E9QJ87,B0R0P2,F8W4A7,F1QBT2,E7F896,E7F218,F1QM60,B0V232,E9QB32,E7EXS9,A5WUI3,A5WUJ3,E9QEL4,E9QDV3,B0S5P1,E7EYJ8,A5WUG9,Q5RFW8,E9QHK9,E7FEQ4,A3QJT9,F1QR33,F1QTG4,A5WUH1,A0A1D5NSM8,F8W3P0,F6NE55,E9QGN3,B8JM30,F1R7R0,Q5RFX3,B8JM29,F1RBU9,B8JM26,F1QXN0,E9QBG6,E7F3U7,F1R4T0,E7F7Z3,F8W3Q4,E9QBJ5,A5WUJ2,A5WUH2,F1R2Z5,F1QR69,F1QW96,F1R2M9,F1QIA8,A5WUI6,X1WDI8,Q5RI98,Q5RIZ6	P02749,P07306,P07307,P20851,Q9NNX6,Q8IX05,Q07108,P21854,Q9H9P2,Q5QGZ9,Q2HXU8,Q6ZS10,A5D8T8,Q6UXF7,Q8NCF0,Q6UXS0,Q8IUN9,Q9Y240,Q8NC01,Q9P126,Q6UVW9,Q92478,Q9UHP7,P0C7M8,O75596,Q9UMR7,Q8WTT0,Q8WXI8,Q9ULY5,Q8N1N0,Q6UXB4,Q9UJ71,Q9H2X3,Q9NY25,Q6EIG7,Q9BXN2,Q6UXN8,Q8IZS7,Q9Y6Z7,Q9BWP8,Q2VPA4,P17927,P20023,Q96PZ7,Q7Z407,P06734,Q12918,Q13241,Q9NZS2,D3W0D1,Q96E93,A4D1S0,Q6UX15,O60449,P14151,P16581,P16109,P11226,P22897,Q9UBG0,P26718,P78380,Q96GW7,Q13018,P13727,Q9Y2Y8,P05451,P48304,Q06141,Q6UW15,Q9BYZ8,Q53EL9,Q8IWL1,Q8IWL2,P35247,Q4LDE5,P05452,H0YCG3,A0A087WT00,A0A087X0K4				O45824						
KOG1215	0.013888888888888888	0.016129032258064516	1	62	1	4		Q19970,Q09967,Q21629,Q04833,O01768,G5EFK8,Q95QH2,Q7JP80,O44191	Q95RU0,P98163,Q9VPA1,A8JTM7,Q9VLZ6,Q7KUB3,A1Z9D7,Q7YU01,Q4V6B0,Q8IQA9,Q9VXM0,A8JRD0,A0A0B4KFD1	F1QTJ4,B3DJ30,B1WB54,F1QY34,Q7ZZT0,Q6DG59,G9MDF3,A2ARH3,F1QSL8,F1QN45,A0A0R4IL75,F1R6C6,E7FF13,F1QTG8,R4GEK0,Q1L8K6,X1WHE3,A0A0G2KWX9,E7FCU1,K7DYA0,F1QGQ2,A0A0H2UKL4	Q9NPF0,P01133,P98153,P01130,Q86YD5,Q7Z4F1,Q9Y561,Q9NZR2,Q07954,P98164,O75074,O75096,A4QPB2,O75197,O75581,Q14114,Q92673,P98155							Q07954			
KOG0500	0.05	0.05263157894736842	1	19	1	4		Q03611,Q7Z205,O61827,Q9N4C1,A8WI01	Q24278,Q9W201,M9NEI3	F1Q9L9,B8JHY6,Q0GFG2,E7FE78,F8W5H0,F1Q6M5,F1Q5G4	P29973,Q16280,Q16281,Q8IV77				Q03611						
KOG1023	0.04050925925925926	0.038461538461538464	2	52	2	4		Q8I4N4,B1Q257,Q18331,Q19187,Q19768,Q23310,P91550,X5M8U1,G5EFQ0,O16544,Q09435,O62179,O16715,Q9XTY1,G5EEE9,A0A078BQP2,Q9XU42,Q86GV3,O62026,Q10029,Q10028,Q23681,Q23682,N1NVB7,H2L002,Q9GYQ4,E7EAU8	Q7JQ32,Q07553,A8JQT1,Q9VF17,A1ZB47,Q8MLX0,Q9VF16,Q9VU79	Q1LX84,B3DHF2,E7F111,F1R7C4,A0A0G2KGK2,E7F3T9,E7FDF3,F1R1B5,F8W5I8,U3JAG6,A2BFQ0	P16066,P20594,P17342,P25092,Q02846,P51841				Q8I4N4	Q9VU79					
KOG3575	0.02443609022556391	0.006493506493506494	2	308	2	4		G5EFF5,G5ED47,O17611,O16359,O16966,O45449,O45521,O16662,Q9TZ99,O17082,O18087,O16963,O16354,O16361,O17573,O17657,O17706,O17748,O17934,O18048,O02305,O18086,P41999,Q23294,Q21701,Q9N4Q7,Q27521,O16360,Q09528,Q21878,Q09565,Q09587,Q17905,Q10902,Q18192,Q21006,Q17771,Q9XTJ4,Q22127,Q9N4B8,O76828,Q22555,Q17370,Q94407,O45436,O17927,O17928,O17933,O45460,O16962,O16425,Q9TXJ1,Q9NA51,O62389,O02279,O45907,Q9XVV3,Q9XXM8,Q9GTD4,O02316,O18141,Q20765,Q965W2,O02235,Q9XYB7,O17025,Q9U2R6,Q95X91,Q9BJK5,Q966I0,P34343,G5ECR9,Q86PJ4,O44638,G5EDJ0,G5ECI7,G5EEM0,G5EGP2,G5EEH2,G5EET0,G5EFN9,G5EDC3,H2KZA1,H2L0L6,Q8WSN9,H2L018,Q9XXM1,O16968,O17131,O45365,O17081,O16677,Q9XVC7,P91983,Q966A2,O61203,O44635,Q18190,O62031,H2L0B0,O45507,G5EE08,Q966H9,O45987,Q9NEV6,P90822,Q9N418,Q966H4,G5EEL3,O16890,O44668,Q9U1R0,O16961,O46003,Q18391,O62412,Q18393,O62496,H2L017,Q966B7,Q9U1U2,Q95QB3,Q95QT4,O44577,Q20389,O16603,O16398,H2L0M9,O16346,Q9N2W3,Q9U3N8,O16753,Q9GYF7,O16676,Q95ZS3,Q95XH8,H2KZT0,Q966H7,O44637,Q2V068,A2V8C5,H2KZU4,Q18394,Q95XT8,Q18299,O45315,O45954,H2L098,O62034,O16661,Q8I7M5,Q18155,Q9XVJ1,O44543,O16663,Q65CM0,Q95Y05,O45328,Q17589,Q95Y07,H2L019,B1GRK7,Q21700,O16538,O45756,Q9XVK1,Q18395,Q95Y09,O62116,O16537,O45505,G5EG35,Q966B8,Q18895,Q19438,Q19496,O16965,Q9BKZ8,G5EC41,H2KYV4,O16960,O62112,Q22960,Q18392,Q9XXL8,O45905,Q8ITW8,O17013,G4SCE4,Q95QR2,Q20097,Q9NAJ3,O44483,O45910,O17020,Q21372,J7SF93,Q9XU11,A7LPI6,O16954,Q8MYP0,Q966H8,O44593,Q2V069,Q9NAJ2,H2KYJ8	P16376,P13055,P45447,P34021,Q05192,Q9W539,Q24142,Q24143,P18102,P20153,Q9VML1,Q9VI12,A1ZA01,Q8WS79	P57717,Q9PU65,Q4V8R7,Q06725,Q6PH18,Q06726,Q90271,Q7ZTI3,Q91392,A2T928,A2T929,Q90415,Q7SYN5,Q90417,Q6DHP9,Q98867,Q9PVE4,Q9PTN2,Q1L673,Q568N6,B0V1H8,Q7ZU32,K7DY57,Q6P117,Q5RH32,Q1XHK0,Q6Q6F4,B3DGQ7,A9C4A5,Q6Q6F6,Q6DEH0,A6YIH7,A4GT83,Q6P115,F1RCC6,A0A0R4IFS6,Q5RGZ2,F6PDV8,A0A0R4IVP0,F1QNF1,B8JJL4,F6PD98,U3JAT9,Q5RJ38,F1QGF3,F1Q8K8,F1QJT0,F8W3I2,B0S5T9,B0V3V6	P10275,P10589,P24468,P11474,O95718,P62508,P03372,Q92731,P04150,P08235,P51843,Q15466,P55055,Q13133,Q96RI1,O75469,Q14994,P13056,P49116,Q9Y466,Q9Y5X4,P10588,Q15406,Q07869,Q03181,P37231,P06401,P10276,P10826,P13631,P19793,P28702,P48443,Q5FBB7,P10827,P10828,P11473,M0R384					A1ZA01		P13631			
KOG3653	0.05	0.0625	1	16	1	4		P50488	A0A0B4KG59,M9PE88	E7F998,F1QL23,F1QKF4,F1QG01,A0A0G2KN81,F1QXI5,B0V0H4,F1Q6M3	Q16671,P27037,Q13705,Q13873,P37173							Q13873			
KOG3900	0.05	0.011627906976744186	1	86	1	4		P92172,G5EBY8,G5EEL5,Q965N9,O16273	P27091,P07713,O61643,P54631,Q9VQG9,Q9V4E6,Q9V4F4	P35621,F1QWZ4,P85857,A8E7N9,O42222,A2AVJ4,Q68IN2,A0A0B5GNT7,Q8QGE3,Q32PR5,O93369,F1QD07,A2BGK2,B0S4U4,B3DI86,Q9PTF9,Q9W6I6,Q66I23,Q8JFP9,B0S7E0,F1R678,E9QHW0,Q1LWW7,F8W4A6,A8E7B8,F1QLZ2,F1QK08,F1QWZ9,F1R741,F1R5Z7,F1QA78,F1QPH9,B8A5X9,F1QDT8,A0A0R4IZE5,A0A0R4ILD5,F1QAD6,F1QDD0,F1QX69,F1QXC6,Q1LYE4	O95393,O95972,P12643,P12645,P12644,P22003,P22004,P18075,Q7Z5Y6,P34820,P55107,O95390,Q99988,P27539,Q9UK05,Q9NR23,P43026,Q6KF10,Q7Z4P5,O14793,O60383,P05111,P08476,P09529,P55103,P58166,O75610,O00292,P03971,Q96S42,P01137,P61812,P10600				G5EEL5						
KOG4221	0.15029761904761904	0.15	3	20	3	4		Q09165,Q18245,G5EF96	Q9VBE5,A1Z920	Q2EY13,E7F004,A0A0R4IP15,A0A0G2KXQ3,F1R5Z2,E7FH26,F1Q4R3,F1RAD6	P43146,Q4ZHG4,Q8IVU1,Q8TDY8,Q92859,Q2VWP7,Q58EX2				G5EF96		A0A0G2KXQ3	P43146			
KOG4475	0.027777777777777776	0.012345679012345678	1	81	1	4		Q18066,G4SLH0,O01761,Q8MQ86,Q21465,G5EDG4	A8DYP0,Q868Z9,Q6AWJ9,Q9I7U4,Q7JXW8,A0A0B4JD82,D1YSG0,M9PB30	Q696W0,F1R4N6,A4JYR5,A4JYK0,F1QSA4,A8KB21,B0S697,F1QSL8,E7F2R9,X1WBK1,E7F3V2,F1QVQ2,G1K2X0,F1R3X9,X1WBI5,E7EY71,F1QD43,F1QQM9,R4GEC4,R4GDS4,R4GE67,X1WF48,R4GEK3,E9QDK9,F6PDU0,R4GER6,R4GEV6,A9C4A2,F1QJM9,F1QLD8,F1Q8W1,X1WHZ4,R4GEF7,E7FGV3,A0A140LGT7,R4GDS8,X1WFY1,F1RAZ3,R4GEW8,R4GEN2,R4GDU5,R4GER9,X1WBW9,E7FBC3,X1WEJ0,X1WGA6,X1WFY3,F1QT76,R4GE41,R4GEU6,R4GEL8,F1QB39,R4GDU9,R4GEY1,E7F416,R4GE33,R4GEI7,X1WFY7	P20273,Q96RW7,Q8NDA2,P20916,P27918,Q13308,Q9BZZ2,Q8WZ42,Q9Y334							P20916			
KOG0395	0.018518518518518517	0.016129032258064516	2	124	1	6		Q09930,P22981,Q18246,P34443,G5EBK8,G5EGA7,O17599,B5BM29,Q9U254,A4UZ34,P90840,A7YKU9,Q9TZE3,O02139,U4PQV1,H2L0Q6,O01312,Q18957,A4UZ35	P48555,P08645,P08646,P04388,Q9VND8,Q6NN22,Q9VM20,A1Z6R7,Q9VH66,Q9W5G7,Q9VS10,Q7JMZ0,Q9VRY2,O96692,Q6NR39,A8DYK6,Q9VNB7,Q7KVX6	Q66JN8,Q6TEN1,Q7SZ59,P79737,Q6DGN0,Q6P0U3,A1DZY4,Q7SY56,Q568M0,Q08CD8,Q7SY59,E7FBI4,Q6AZA4,Q4V9D8,Q6PHV8,Q503B6,Q5XWT8,Q6DC92,Q0P4E7,Q6IQP4,E7F5A7,Q7ZUL8,B3DJU3,Q5U3A3,Q5RHY9,Q7T383,B0R168,Q503D0,Q7T393,Q7ZVA2,Q2LIW9,E7F144,F1R684,B8JIV0,A0A1L1QZP7,R4GE76,B8A547,F1QSQ6,Q1LV74,A0A286Y9A7,F1RAB1,F1QNG4,F1QWY4,F1R7U7,A2CE86	Q9BU20,O95057,Q96HU8,O95661,P55040,Q6IQ22,P55042,P11233,P11234,P62834,P61224,P10114,P61225,Q9Y3L5,Q9Y272,Q7Z444,P01112,P01116,Q9NYN1,O14807,P01111,Q8TAI7,O75628,Q8IYK8,Q9H628,Q96A58,Q15382,Q96D21,Q92963,Q99578,P62070,P10301,Q92737,Q96S79,Q6T310,Q9BPW5	P01119,P01120,P25378,P13856	P08647,O94363			P08646,Q9VND8					
KOG4721	0.375	0.3333333333333333	2	6	2	4		O01700	Q9VW24	Q6NYW1,E7FH13	Q12852,O43283				O01700			O43283			
KOG0932	0.25	0.125	1	8	1	4		G5EET6	E1JIT7	E7F9P8,F1QCL5	A5PKW4,Q9BQI7,Q9NYI0,Q8NDX1				G5EET6						
KOG0200	0.08888888888888888	0.05	4	80	2	4		Q10656,P34891,P34892,Q17833,G5ED65,Q21038,Q21041,Q19238,Q95ZK1,O18008,O76385,Q21867,Q21868,Q9TZ79,Q9N4T2,Q23677,O17955,O76697,Q23136,H2KZN4,A0A0K3ARA3,A0A2C9C3B4,Q9XX42,Q10915,Q95XJ7,Q21046,A0A0K3AX69	Q9VBW3,Q9W0A0,Q07407,Q09147,P18475,P83097,Q7KT06,E1JHB7,Q8IQ00,Q9VZA8	Q9I8N6,Q8JG38,Q90413,Q90Z00,Q8JFR5,Q9DE49,O73792,O73791,Q5GIT4,Q5MD89,Q8AXB3,B3DKP1,E9QCV8,Q7SX76,E7FGQ0,Q5K373,A0A0G2L2B8,F1R532,B8A5K6,G1K2P2,E7F1P1,F1Q614,F1QZR6,F1QHI8,A8E7C6	P07333,P11362,P21802,P22607,P22455,Q8N441,P36888,P10721,P16234,P09619,Q15198,P07949,Q6J9G0,P35590,Q02763,P17948,P35968,P35916					Q9VBW3,Q09147,E1JHB7		P07949			
KOG2264	0.25	0.25	1	4	1	4		O01705	Q9XZ08	Q5U7D2	O43909						Q5U7D2				
KOG4015	0.015625	0.020833333333333332	1	48	1	4		Q20223,Q20224,Q20222,Q23092,O01814,O01812,O02323,O02324,Q965W1	Q8INK3	Q9I8L5,Q4VBT1,Q1AMT3,Q8UVG6,Q6IVM1,A9JR93,Q9PRH9,Q6IWJ1,Q801Y4,B0R174,B3DHK5,Q8UVG7,Q6IMW5,Q6U1J7,Q503X5,Q66I80,Q9I8N9,Q5G9L7,E9QD41,E9QGL3,X1WFK9,Q6W6P1	P15090,Q01469,P51161,O15540,Q0Z7S8,P05413,P12104,P07148,A6NFH5,P02689,P29762,P29373,P09455,P50120,P82980,Q96R05							P29373			
KOG3953	0.08333333333333333	0.05555555555555555	1	18	1	4		Q18223,Q965N7,Q965N6	Q9V6L9,A1Z6E0,Q9VUW0,Q9VMV3	Q6NZ03,Q4V8W1,Q6DBS3,B0S5W3,F8W4Y2,X1WBA3	P0C2W1,Q96BD6,Q99619,Q6PJ21,Q96A44				Q18223						
KOG3577	0.03571428571428571	0.018518518518518517	1	54	1	4		G5ECQ2,A0A0K3AWM6,G5EDV1,Q9N532,Q9GUF5	Q9VVX3,O77438,Q9NBW1,P18537,P91682,A1Z709,Q9W3H0	Q9W6E3,Q9YI00,B0S5E7,A3KNP6,Q6NV44,Q8QFM3,F1R238,Q5TZ38,Q7SX78,Q7T2K9,Q9W6E0,B3DIG4,A0JBX4,F1QBI2,A0A0R4IVK2,F1QJG6,Q5RH73,A0A0R4IA13,A0A0G2KQK9,A0A0G2L696,F1QRG7,X1WCT3,B0S6S2,B0S8G4	Q9Y5Q5,Q9ULW2,Q9UP38,Q14332,Q9NPG1,Q9ULV1,Q13467,O60353,O75084,Q9H461,O00144,Q9BY79,Q8N474,Q96HF1,Q92765,Q6FHJ7,Q5T4F7,Q99835					P18537					
KOG2059	0.25	0.08333333333333333	1	12	1	4		Q22720	P48423	A2CE77,E7F916,E7EZ22,E7F3P6	Q15283,Q14644,O95294,O43374,F5GXT2,H0Y980					P48423					
KOG4643	0.25	0.125	1	8	1	4		F3Y5P4	Q9VZT7	A0A2R8QCI3,F1QPU7,E7FGH9	A6NC98,Q9P219,Q3V6T2					Q9VZT7					
KOG4029	0.03571428571428571	0.015625	1	64	1	4		Q20561,Q18590,Q22717,P34555,Q10007,Q09961,Q23579	P09774,P10084,P10083,P09775,Q9VGJ5,Q9W4X2,Q9VI67,Q9VL05,Q0IGU7,M9PH26,Q9VEY3,Q59E67	Q90259,P57102,Q90ZL1,Q7ZSX3,O93507,Q32PV5,Q6W9E1,I2AVW0,F1Q9Z5,Q6P0A8,Q9IAJ4,F1R8V6,E7F8I6,F1QZT9,F1R1T8,F1QUD8,Q1LXV2,E7FBV7,F1R7I0,K7DYE4,E7F361	P50553,Q99929,Q9NQ33,Q6XD76,Q7RTU5,Q96RJ6,Q6QHK4,O96004,P61296,Q02575,Q02577,P12980,Q9BRJ9,Q0VG99,A6NI15,O60682,Q7RTS3,Q7RTU7,P17542,Q16559,Q12870,O43680,Q7RTU1,Q7RTU0				Q22717						
KOG3898	0.05	0.024390243902439025	1	41	1	4		O45489,P46581,Q95XG7,Q7YWS9,O45320,O18259,Q86D08	B6VQA1,O16867,Q9VJC1,Q9VHG3,Q9VPI8	D2CLZ9,O42202,Q9W6C8,Q6NYU3,Q9W6C7,O42606,B3DFN6,Q5K548,A0FH50,Q4V9J8,F1R9F5,A8WIQ8,U3JAF4,F1QWM8,A8WIQ7	Q96SQ7,Q7RTS1,Q8NFJ8,Q8NDY6,Q13562,Q15784,Q9HD90,Q96NK8,Q92886,Q9H2A3,Q9Y4Z2,Q8TAK6,Q13516,Q7RTU3					O16867					
KOG3594	0.04803186504217432	0.01485148514851485	3	202	2	4		Q967F4,Q21035,U4PM66,Q5F4U0,Q5F4W0,X5M5L3,O62328	Q9VGW1,Q9VGG5,Q9VEU1,Q9VAF5,Q24298,Q9VJB6,O15943,Q24292,Q9VVG0,Q9VFH5,Q9VBV6	Q90275,Q6B3P0,A0A0G2L110,A1L1M6,B3DGG4,Q2MLR9,Q5ICW6,F1RD80,B0S5D7,Q5WN09,I6LC33,A0A0N4SU21,B3DGN6,X1WDW2,Q805F0,C4P342,A0A0R4IIE9,E7F1W3,E7FF20,F1R480,E7FC11,F8W3X3,A0A0R4IJR6,A0A0R4IRF9,B0V236,A0A0R4IRW1,F1Q9S5,F1R7G8,A0A0G2KGN6,F1QSZ3,F1R2I9,F1QRP2,F1R6D1,A0A0G2L2D6,E7F647,A0A0G2L4D7,F8W505,F1RAY1,F1R963,A0A0R4IVM3,F1QK15,A0A286YAQ9,F1QSQ0,E7F5T8,E9QIZ5,F1QU02,F1QYA0,A0A0R4ISC0,A0A0R4IEF6,F1REQ8,F1QHH7,F1QUS2,F1Q862,A0A0R4IZN0,A0A0R4IQH6,A0A0R4IAV5,F1QWR8,F1RE55,E7FAU6,A0A0R4IYS4,E7EYF4,A3KH06,F1QWK1,A0A0N4SUG2,F1RCY9,A0A0R4ICV7,A0A0R4ILP7,A0A0R4IQQ5,A0A0J9YJK6,A0A0R4IID2,F1QWR6,A0A0G2L924,A0A0R4IZ29,E7FF57,E7F4M6,F1QGX1,F1QGL4,A0A0R4IBZ9,E7F3Q3,F1QUV5,F1QXC1,F1QFL8,A0A0R4IMS0,A0A0R4IRQ9,A0A286YBK8,F1RC97,A0A0R4IM90	Q9Y6N8,P55287,P55289,P55290,P55291,O75309,Q12864,Q13634,Q9H159,Q9HBT6,Q9UJ99,Q9H251,Q86UP0,Q8IXH8,P12830,P19022,P22223,P55283,P33151,P55285,Q9ULB5,P55286,Q9ULB4,Q96JP9,Q9BYE9,Q6ZTQ4,Q9HBB8,Q08554,Q02487,Q14574,Q02413,Q14126,P32926,Q86SJ6,Q6V0I7,Q9P2E7,Q9NPG4,Q96QU1,Q96JQ0,O14917,Q9HCL0,Q8TAB3,Q6V1P9,Q9Y5I3,Q9Y5H9,Q9Y5H8,Q9UN74,Q9Y5H7,Q9UN73,Q9UN72,Q9Y5H6,Q9Y5H5,Q9Y5I2,Q9Y5I1,Q9UN75,Q9Y5I0,Q9Y5F3,Q9Y5E7,Q9Y5E6,Q9Y5E5,Q9Y5E4,Q9Y5E3,Q9Y5E2,Q9UN66,Q9Y5E1,Q9UN67,Q9Y5F2,Q9Y5F1,Q9Y5F0,Q9Y5E9,Q9Y5E8,Q9NRJ7,Q9H158,Q9Y5I4,Q9Y5H4,Q9Y5H1,Q9Y5H0,Q9Y5G9,Q9Y5G8,Q9Y5G7,Q9Y5G6,Q9Y5G5,Q9Y5G4,Q9Y5H3,Q9Y5H2,O60330,Q9Y5G3,Q9Y5G2,Q9Y5G1,Q9UN71,Q9Y5G0,Q9Y5F9,Q9Y5F8,Q9UN70,Q9Y5F7,Q9Y5F6,O95206					Q9VAF5,O15943		P55283			
KOG0195	0.25	0.25	1	4	1	4		Q9TZC4	Q9V400	Q6PHD6	Q13418							Q13418			
KOG4258	0.08333333333333333	0.09090909090909091	1	11	1	4		Q968Y9	P09208,Q9VJ04,Q9VFE2	Q1LVG4,F1QNX5,Q1LWJ4,B0R0Q2	P08069,P14616,P06213					P09208					
KOG0983	0.08333333333333333	0.16666666666666666	1	6	1	4		G5EDT6,Q21307,Q9GPA4	Q23977	D6RRB7	O14733				Q21307						
KOG3684	0.0625	0.07142857142857142	1	14	1	4		Q11122,G5ECM0,O17697,G5EFI1	Q7KVW5	E7FAT2,X1WCL6,Q1LY44,F1QND4,F1QW20	Q92952,Q9H2S1,Q9UGI6,O15554							O15554			
KOG0193	0.125	0.05555555555555555	1	18	1	4		Q07292,G5EFD2,G5EDA5	P11346,Q24171	Q5FBD1,Q1LYG2,F1QRN2,B8JKT4,F1QFX8,F1QAD4,F5H8P1,F1QN59	P10398,P15056,Q8IVT5,Q6VAB6,P04049					Q24171					
KOG3528	0.017427884615384616	0.018691588785046728	2	107	2	4		O61967,Q22638,G5EDM4,Q17353,Q22366,Q86NH1,Q09284,Q9GYJ7,O18301,O18302,G5ECZ8,Q20234,Q9TXV1,O02063,O76587,O44797,Q22559,Q18755,Q93654,Q19883,Q19653,Q18167	Q24008,Q9NB04,Q9VCX1,Q961J0,A1ZAI8,Q9VNY2,Q9VCS4,E1JJN6,Q9VRT8,Q9W450,C6SUV4,Q9VUE8,A1Z9K8,Q7K5M6,Q9W283,Q9VKG8,Q8IQB4,M9PC26,Q9VE88,Q9VT49,B7YZE5,Q8INC3,Q9W443,M9PE32,Q0KHR3,Q7KVY9,M9PFJ0	Q6ZM86,Q6NXB2,Q7ZV59,A4VCF7,Q6PHG0,Q6P2U7,F1R5N4,Q29RA7,Q29RC0,Q5TZH0,Q1LXN3,E7EXQ0,E9QDB9,F1R510,R4GEA6,A0A0G2KD61,F1R9I3,A0A0R4I9P6,A0A0R4IZD4,E7F2D8,X1WEB5,Q5RH21,F1QTX0,F1RD62,A0A0R4IEP0,F1QIX3,A0A0R4IH54,F8W2C5,B0V3R3,E7F4K6,U3JAI8,A2BEM5	O60759,Q8TDM6,Q68DX3,Q9HD26,Q7Z6J2,A4D2P6,Q9Y3R0,Q9C0E4,Q14005,Q8NI35,Q8TBB1,Q8N448,O75970,O14745,Q15599,Q5T2W1,Q86UT5,Q8TEW8,Q8TEW0,Q5EBL8,O15018,Q9H5P4,P57105,Q9Y6N9,Q9P202,A0A087WYV9						A2BEM5	O14745			
KOG4228	0.08522727272727273	0.05263157894736842	2	38	2	4		Q9BMN8,P28192,H2KZM6,G5EC69,Q8I4I0,W6RR46,Q9XVM4	P16621,P16620,P83097,Q9VJ95	A4IFW2,B3DK56,B8A5J5,F1QE38,F1Q6E0,F1QU01,F1QBL2,F8W3M6,F1QNV8,A0A0G2KNX7,E7EZG7,A0A0J9YJD5,A0A286Y939,E7F6G6,A0A286Y7Z0,A0A0H2UKT5	P18433,P08575,P23468,P23469,P10586,Q15262,P28827,Q9UMZ3,Q13332,O14522,Q92729					P16621		Q13332			
KOG3885	0.13636363636363635	0.03508771929824561	2	57	2	4		Q11184,G5EEF1	Q6Q7I9,Q9VDT9	Q6SJP8,Q2HXK8,Q6PBT8,P48802,O57341,Q805B2,Q5TLE1,Q1XG76,E7F5G0,Q2LGG1,B3DHZ8,Q8AY90,Q38PL0,Q2LJ24,Q9DFC9,Q5TKR1,Q5TKR3,Q5TLE2,B3DHR9,Q6NZS6,Q5TKR7,Q7SX66,A0A0R4IN60,E7F9J0,F1QC94,A0A0R4IU37,F1R729,F1QKX4,Q1L8M3,A0A0R4ITI2,A0A0R4IHF9	O15520,Q92914,P61328,Q92913,Q92915,O43320,O60258,O76093,O95750,P05230,Q9NP95,Q9NSA1,Q9HCT0,Q9GZV9,P09038,P11487,P08620,P12034,P10767,P21781,P55075,P31371				Q11184			Q92913			
KOG3913	0.08480335454019663	0.08771929824561403	5	57	3	4		Q27886,Q10459,P34888,P34889,G5EG05	P28465,P40589,P28466,Q9VFX1,P09615,Q9VM26,Q9VM25	P43446,Q801F7,O73864,P24257,Q92048,P47793,Q92050,P51028,P51029,B0LK22,F6NGJ7,Q9I9I2,B6V3E2,B6V3E1,Q4JLT0,B3DFK5,F1QK98,F1Q8M2,B0S7E3,A5WVL3,F1R205,B8A4J5,E7FBM9,F1RB76,F1Q5B7,F1Q9W3	Q9GZT5,O00744,O96014,Q9UBV4,P04628,Q93097,P09544,P56704,P56703,P56705,P41221,Q9H1J7,Q9Y6F9,O00755,P56706,Q9H1J5,Q93098,O14904,O14905					P28466	P47793	P56704,P56703,P41221			
KOG0249	0.125	0.07142857142857142	1	14	1	4		Q21049	A8DYM0,M9PCR7	A9C3W3,B0S6H8,A0A0G2L2X4,F1QCN8,X1WCJ5,Q5TZ25	Q674X7,Q13136,O75334,O75145,O75335					M9PCR7					
KOG0295	0.06666666666666667	0.1111111111111111	1	9	1	5		Q9NDC9	Q7KNS3	Q7T394,Q803D2,E7F0J3	P43034,Q8N0X2,Q96DN5	P39946						P43034			
KOG0604	0.375	0.2222222222222222	2	9	2	4		Q21360,Q965G5	P49071	Q7T2F2,A7BJ43,Q6DHN7	P49137,Q16644,Q8IW41				Q965G5	P49071					
KOG3592	0.0625	0.07142857142857142	1	14	1	4		P91859,Q18494,A9UJN7	Q9W596	B2ZZ14,X1WDB0,A0A140LH51,R4GF04,B0S6B4,F1Q828	Q8N9W4,P78559,P46821,Q66K74							P46821			
KOG0578	0.08333333333333333	0.07692307692307693	2	26	2	6		G5EGQ3,Q17850,G5EFU0	Q9VXE5,B7Z0W0,Q9VEV1	A0A0R4IH73,Q6DG42,A5WVS2,A5PEY8,E7FE80,I3ITF8,A0A0G2KNJ7,F1QZR2	Q13153,Q13177,O75914,O96013,Q9P286,Q9NQU5	P48562,Q12469,Q03497	Q10447,Q10056,P50527			Q9VXE5		Q13153			
KOG2483	0.06666666666666667	0.043478260869565216	1	23	1	5		G5EG44,G5EEH5,Q18711	P91664,Q9W4S7,Q9W4Q7	Q7SX95,P52161,P50541,P52160,Q7ZVS9,F1QDI6,E7FCB9,A0A0R4I9I4,A2BFZ1	Q05195,Q9BW11,Q14582,P61244,Q99583,P50539,P01106		Q04635			Q9W4S7					
KOG3751	0.08333333333333333	0.043478260869565216	1	23	1	4		P34400,Q9XWW5	Q9VZZ9,Q9VWB7,Q9W4Z1	Q6PFT9,Q68EG5,A0A0N4SUG1,F1Q4V7,F1QZE7,A0A0N4STP5,F1Q7S5,E7F104,I3ITH3,F1QSC3	Q7Z5R6,Q53SF7,Q13480,Q2WGN9,Q13322,Q14449,Q14451,Q70E73					Q9VWB7					
KOG3571	0.25	0.07692307692307693	1	13	1	4		Q22227,B1Q240,Q18239	P51140	E7FAJ8,F8W5A4,E7F737,F1QNA4,F1QM97,B8JMI2	O14640,O14641,Q92997					P51140					
KOG1006	0.08333333333333333	0.14285714285714285	1	7	1	4		Q20347,Q8MPS3,O01706	O61444	B1NA68,A4UU31	P45985				Q20347						
KOG0044	0.006172839506172839	0.017241379310344827	1	58	1	6		P36608,P36609,O45313,Q95ZR9,G5EGM2,O16638	P37236,P42325,Q9VW66,Q9VWX8,Q9W3K8,Q8IR92,Q9VBL2	A9JTH1,Q6AXL4,Q4V9G0,Q53A16,Q7SXX4,Q6PC38,Q1LUM5,Q5TZ35,A3KPW8,Q4V8S2,Q1LUD3,Q8UUY0,Q8UUX9,Q6PC34,E7FBI7,Q1LWZ0,Q6ZM98,Q6PBP8,A0A0G2L9M6,F1QR22,E7F7H4,F1REB4,F1R110,Q1LWS5,E7FCR5,A0A0R4IPX8,A0A0R4IC16	Q9Y2W7,Q9HAE3,P43080,Q9UMX6,O95843,P84074,P37235,Q9UM19,Q9NS61,Q6PIL6,P61601,P62166,P35243,Q8NFA0,P62760,A0A0A0MS16	Q06389	Q09711				Q6AXL4				
KOG3624	0.041666666666666664	0.015625	1	64	1	4		Q18673,O44857,O16796,Q22523,H2KYL1,Q400M1,H2KZE5,O16789,Q09946,Q9U2T0,A0A131MCS3,O16652,Q23427,O45569,Q9U2T1,G4SHR1,O16607,O45311,G5ED52,O16636,O16790,O16795,Q22763	Q9XZ14,A0A0B4K692,Q9W5Y0,Q8T062,Q9W436,Q9VAS4,Q9VN01,Q9VK72,Q9VBX6,Q9VH96,Q8IRR6,Q9VYJ1,Q9VME2,Q9W4B8,Q9VME6,Q9VMU6,Q9VJH0,Q9VCU1,Q9VCU2,Q9VJK5,Q9VCU3,Q8IMQ2,Q9VAY0,A1Z910,Q9VAS2,Q9VAS0,Q9Y136,Q9VME3,Q9VAS1	F1QE95,A0A140LH71,A0A024B5K5,F8W3A9,E7FE30,F1R6K1	P42892,O95672,P23276,Q495T6,P08473,P78562							P23276			
KOG3830	0.2	0.2	1	5	1	5		Q20069	Q9VUB4	F1QH43	Q12980		Q9HGM7			Q9VUB4					
KOG1853	0.125	0.14285714285714285	1	7	1	4		O45717	Q9VT70	Q7SXI6,Q803Q2,A0A0R4IFA2	Q9NXR1,Q9GZM8							Q9GZM8			
KOG3606	0.041666666666666664	0.08333333333333333	1	12	1	4		Q9NAN2	O97111	Q6TNS1,F8W4T2,F1R754,A5WW50,F1QJB0,F1R6J1	Q5VZ46,Q9NPB6,Q9BYG5,Q9BYG4						Q6TNS1				
KOG4564	0.013888888888888888	0.02	1	50	1	4		Q09460,P30650,G5EBF7,Q20308	Q9W4Y2,Q9VYH9,E2QCM9,A0A0B4KF12,A1Z9Q8	Q68EK2,Q9PVD3,F1QUL7,E7FF76,E7FB43,A9Y366,B0S4Y6,F1QFW7,F1RCQ6,F8W5I9,F1R383,F1QW71,A0A0R4IKR9,F1QSJ4,I3IRX3,F1R4K2,E7FF79,Q1L8N6,E7F9Q0,F1R788,F1QGZ1,X1WDQ9,X1WHD4	P30988,Q16602,P34998,Q13324,Q6PJ61,Q02643,P48546,P43220,O95838,P47871,O95050,P40261,P41586,Q03431,P49190,P47872,P32241,P41587							P47872			
KOG0575	0.16666666666666666	0.058823529411764705	1	17	1	6		P34331,Q9N2L7,Q20845	O97143,P52304	Q7ZVS3,Q6DRK7,B0S6K2,A8WHV5,E7EXD4	P53350,Q9NYY3,Q9H4B4,O00444,Q496M5	P32562	P50528							P50528	
KOG3610	0.057291666666666664	0.09375	3	32	2	4		O45657,U4PRY7	Q9V4A7,Q9V491	B0S5N4,Q6BEA0,F1QLR7,F1QBC0,F1Q7U0,Q5RHX7,E7EYX4,F1QEG5,F1Q6L2,Q5RH90,F1QS13,F1QCL2,E7FGY1,F1QZQ3,A0A140LGG1,E7FGF3	P08581,Q86WI1,Q9UIW2,O75051,P51805,Q9HCM2,O43157,O15031,Q9ULL4,O60486,Q9Y4D7,Q04912						B0S5N4	P51805,Q9HCM2			
KOG3510	0.011904761904761904	0.008403361344537815	1	119	1	4		Q18806,Q9N3X8,B1Q236,G5EDQ9,G5EEY6,G5ECB1,G5ED00,Q9UB28,G5ECX2,O62118,Q5WRR1,C6KRM7	P15364,Q9U4G1,Q9VS29,P34082,Q08180,Q09024,Q24372,O97394,Q967D7,A8JNC7,Q9W260,A1ZBY3,Q9W4T9,A1Z6H9,A4IJ70,Q9W258,Q9VAR6,Q9VMN6,M9PHS6,Q9W259,Q4V3F0,A1ZB15,Q9VXK1,Q9VCT4,Q9VKX8,Q9VY33,Q9VFD9,Q9W3N2,Q8IP70,Q9W4R3,Q59E13,Q9VR25,Q7PLL7,Q9W0L9,B7Z153,Q9VP08,Q961T8,Q59DX6,Q9VLF0,Q9VT83,Q9VGD3,A8JPQ1,Q8MRE6,Q9VMN9,Q9VGD0,A0A0C4DHN4,Q0KIC0,A8DZ27,M9PC40,Q0E9K8,A0A0B4JD82,Q59E14,Q7KSE9	B3DH85,Q53CM6,Q90YM0,B0CM22,Q1ED19,F1QXA6,A0A4W4,B3DK88,Q6NY23,B3DHL7,F1RA51,F1Q4W9,Q1MTD2,F1QPZ3,A0A0R4ITG7,F1R350,H9GY97,A8DZA4,E7FGK4,B8JIB3,F1QC95,F1Q8Y0,A0A0R4IRX5,E9QII6,E7F419,B8A5X5,F1RAC0,F1RE66,A0A0R4IPD4,E7F9I8,F1QIV2,F1R721,F1QY51	O60469,Q8TD84,A6NGN9,Q96J84,Q6UWL6,Q8IZU9,Q9P2V4,Q3SXY7,Q13449,P13591,O15394,Q7Z3B1,Q9P121,Q14982,O95428,Q9UMZ3,Q7Z5N4,Q58EX2,Q9P2J2,Q9UPX0,O75445							O60469			
KOG3513	0.15795454545454546	0.1875	6	32	3	4		H2KZ60,Q53U87,G5ECX2,Q5WRK9	Q9VN14,P20241	Q7ZW34,Q90478,Q90479,E9QCF0,A0A286YA23,F1R8X6,E7FG37,F1QFZ7,F1QCV0,F1R3I1,F1QGN2,E7EZG5,F1QQK1,A0A0G2L6G5,Q5TYT0	Q12860,Q02246,Q9P232,Q8IWV2,O94779,Q9UQ52,P32004,O00533,O94856,Q92823,O75445				H2KZ60		Q90478,Q90479,F1QCV0	P32004,Q92823			
KOG1095	0.125	0.045454545454545456	1	22	1	4		Q8I7I5,O76411,H2KZU7,Q9XVQ7	P13368,Q7KJ08	F1QLR7,E7F1Z9,A0A0R4IFQ9,F1REV2,F1QVU0,E7EYX4,F1QMJ7,F8W3R9	Q6UXC1,Q9UM73,P14616,P29376,Q5VYJ5,P08581,Q04912,P08922					Q7KJ08					
KOG1428	0.25	0.25	1	4	1	4		Q17551	Q9NB71	F1RD40	O75592				Q17551						
KOG1024	0.25	0.16666666666666666	1	6	1	4		G5EGT9	Q27324,Q9V422,Q7JQT0	E7FAI5	P34925							P34925			
KOG0588	0.16666666666666666	0.08333333333333333	1	12	1	6		Q19469	Q9VUV4	F1Q7B5,R4GDQ8,E7F2E0,F1QPU5	Q8TDC3,Q8IWQ3	Q12263,P34244	P07334,P87050		Q19469						
KOG4222	0.07142857142857142	0.11764705882352941	2	17	1	4		G5EBF1	Q9W213,Q9VPZ7,M9PAZ7,M9PC46	F1QBD4,A0A140LGB5,Q1LY64,F1QFK4,F1RE66,F1R2D2,F1QDQ7	Q8IVU1,Q9Y6N7,Q9HCK4,Q96MS0,Q8WZ75						F1QBD4,Q1LY64				
KOG0984	0.25	0.14285714285714285	1	7	1	4		G5EDF7,Q58AU7,Q58AU8	O62602	Q9DGE0	P46734,P52564					O62602					
KOG3611	1.0	1.0	58	58	4	4		Q17330,Q95XP4,Q9TYS4	Q24322,Q24323,Q7KK54,A0A0B4KG38,Q9VTT0	Q9W7J1,Q9W686,Q9W6G6,Q9YHX4,F1R9L1,E7F898,F1QPQ6,E3W9A6,F1Q5G8,Q1LVE1,A1L5C9,A0A0R4IR66,A0A0G2LB43,B8JMB1,A0A286Y9T7,F1QJZ8,F1QR50,M9MM97,F1R501,E7F6C0,M9MM94,E7FBE1,B0S5G6,A0A0G2KQ30,Q1LYS1,F1QF70,A0A0G2KLL0,F1QPG9,F1RB05,F1QU86	Q14563,Q13214,Q99985,O95025,O15041,Q13275,Q9NS98,Q9H3S1,Q9NPR2,Q9C0C4,Q92854,O95754,Q9NTN9,Q13591,Q9P283,Q9H2E6,Q9H3T3,Q9H3T2,Q8NFY4,O75326				Q17330,Q95XP4,Q9TYS4	Q24322,Q24323,Q7KK54,A0A0B4KG38,Q9VTT0	Q9W7J1,Q9W686,Q9W6G6,Q9YHX4,F1R9L1,E7F898,F1QPQ6,E3W9A6,F1Q5G8,Q1LVE1,A1L5C9,A0A0R4IR66,A0A0G2LB43,B8JMB1,A0A286Y9T7,F1QJZ8,F1QR50,M9MM97,F1R501,E7F6C0,M9MM94,E7FBE1,B0S5G6,A0A0G2KQ30,Q1LYS1,F1QF70,A0A0G2KLL0,F1QPG9,F1RB05,F1QU86	Q14563,Q13214,Q99985,O95025,O15041,Q13275,Q9NS98,Q9H3S1,Q9NPR2,Q9C0C4,Q92854,O95754,Q9NTN9,Q13591,Q9P283,Q9H2E6,Q9H3T3,Q9H3T2,Q8NFY4,O75326			
KOG3601	0.16666666666666666	0.06666666666666667	1	15	1	6		P29355	Q08012	Q6PC73,Q5RKN6,Q567F1,Q6PE32,F1R1D5,F1QSQ4	O75791,Q8TC17,Q13588,P62993	P53281,Q06449	O43125			Q08012					
KOG4237	0.325	0.2	4	20	2	4		G5EFX6	P24014	A3KNN3,A8WHP9,B8A498,Q00P20,F1QK88,A0A0R4IU60,F1QQE4,F1Q8D5,A0A0R4IC56,F1RCV3	Q8IWK6,Q96PB8,A6NJW4,Q9BY71,Q9GZU5,O75093,O94813,O75094				G5EFX6		B8A498,F1QQE4,F1RCV3				
KOG1420	0.125	0.2	1	5	1	4		Q95V25	Q03720	B7ZC96	Q12791,A8MYU2							Q12791			
KOG3701	0.07142857142857142	0.0625	2	32	1	4		Q02330,P45896,P45897,F5GUE5,Q95QI7,G5EDS9,Q21733	P42003,Q5U110,O62609,O96660	Q9I8V2,Q9I9P9,Q9W7E7,F1QXZ9,Q8AWR7,Q1L8Y3,E7FFZ5,B1PS59,Q66HX9,Q8AY15,F1RC55,Q1L8R8,F1QS48	Q15797,Q15796,P84022,Q13485,Q99717,O43541,O15105,O15198				P45896,P45897						
KOG3417	0.05555555555555555	0.02857142857142857	1	35	1	6		Q9N5D3,H2KZX7,Q19770	O77086,P26675,Q0E949	B0UXH6,A2CEA7,A2RRV5,Q1L9A0,E7FBN7,F1R019,F1R763,F1QFI3,A0A0G2KVE1,F1REU9,F1QA44,E7F7V2	O95267,Q7LDG7,Q8IV61,Q8TDF6,Q0VAM2,Q5JS13,Q86X27,Q13972,O14827,Q13905,Q07889,Q07890	P25300,P04821,P07866	Q9USU1,P26674			P26675					
KOG0015	0.16666666666666666	0.125	1	8	1	6		Q18955	Q24535	A0A0G2KPL1,A8HAM3	P11831	P07249,P11746	P78926					P11831			
KOG3667	0.03125	0.058823529411764705	1	17	1	4		Q9NAD6	Q24151	Q68SP3,B0S789,B3DGV1,Q6P943,A0A0R4IGF2,F1QWX2,B0S790,F8W3X1	P42229,P51692,P42224,P52630,P40763,Q14765,P42226						A0A0R4IGF2				
KOG1028	0.03125	0.012345679012345678	1	81	1	4		P34693,K8FE10,Q965S5,Q22372,G5EDP5,O16700,P91493,P90785,G4RXP2,Q9N3N6,Q965S7	P21521,Q9U6P7,C0HDP4,Q9V4C4,Q9VYE1,A0A0B4K657,Q9VUJ3,A0A0B4KF61	D4P8S0,Q5TZ27,B3DJ38,A3KQ92,F1R5C0,Q6PBU6,F1QIG1,F1QA03,E7FB00,X1WDZ6,F1QQZ8,U3JA52,F1QX49,E7FB61,F1QCC9,R4GE71,F1QD38,F6NFN1,F1QYV3,F1QFP0,E9QFJ8,A0A286Y918,E7FF92,F1RAD1,F1QA93,F1RD06,A2BFR9,X1WDX0,I3IS33,Q5RG04,Q1L8P2,E7F1D9,X1WH93,F1QR91	P0C869,Q86XP0,Q3MJ16,Q68DD2,Q6XYQ8,Q9BT88,Q8IV01,Q7L8C5,Q8NB59,Q9BQS2,Q17RD7,Q9BSW7,P21579,Q8N9I0,Q9BQG1,Q9H2B2,O00445,Q5T7P8,O43581,Q8NBV8,Q86SS6,Q8IYJ3,Q9HCH5,Q4VX76,Q96C24,Q8TDW5,Q8N9U0,A0A096LNH4					A0A0B4K657					
KOG1388	0.041666666666666664	0.05263157894736842	1	19	1	4		Q19981,Q9GUI5,Q18000	Q9VXP4,Q9VB20,Q9VLT6	F1QBZ9,A2BGB4,Q7ZTU4,F1Q4X2,E7F6C7,F1Q5V0,F8W638	Q5VV63,O75882,Q7Z7M0,P68402,Q15102,Q8NBT3							Q7Z7M0			
KOG3565	0.015151515151515152	0.03225806451612903	1	31	1	6		Q19253,Q9XUS7,Q69Z12,Q19370	X2JAU8,A8JNK4	Q5U3Q6,B0S6J3,F1QFY0,B7ZVG9,A0A0R4IPN9,X1WBC3,B0UXI0,B0UXN4,F1Q4Y5,H0WEW1,E7EYC8,E9QHI0	Q15642,Q5T0N5,Q86WN1,O94868,Q96RU3,P98171,P0DMP2,P0DJJ0,Q7Z6B7,O75044,O43295	P38822	Q09746					P98171			
KOG3609	0.041666666666666664	0.037037037037037035	1	27	1	4		P34586,G5EF09,Q9GRV5,Q8I6Y9	Q9VJJ7,P48994,P19334,E0A9E1	F1RCY2,E9QGJ3,F1R2G3,A0A0R4IM91,E7FGL3,F1QWI1,F1QU43,Q1MT27,F1QDU6,E9QIL1,A0A0G2KME3,A0A0G2KWQ6,A0A0R4I9W6	P48995,Q13507,Q9UBN4,Q9UL62,Q9Y210,Q9HCX4							Q9UL62			
KOG2157	0.018518518518518517	0.041666666666666664	1	24	1	6		E9P886,Q564U4	Q9VM91,Q9VM92,Q9VBX5,Q9VZ97,Q9VX74	Q1ECV4,A0A140LH35,F8W385,F1QT18,F1QA49,F1R9V1	Q6ZVT0,O95922,Q9BWV7,Q9Y4R7,Q6EMB2,A6PVC2,Q3SXZ7,Q8NG68,A0A0A6YYG9	P38254	Q10438					Q8NG68			
KOG0245	0.125	0.045454545454545456	1	22	1	4		P23678,G5EFQ4	A1ZAJ2,Q9VB25,Q9VIP4	E7F0X8,A0A0R4IM96,F1RCT7,F1QBV5,F1QBI0,X1WEK9,B0S7L9,F8W2L7,X1WEA6,X1WHC0,F1Q554	Q96L93,Q15058,Q12756,O60333,O43896,Q9P2P6				P23678						
KOG4037	0.3125	0.25	2	8	2	4		Q10658	Q9XYQ2	Q90Z08,Q1RM42,E7F2M1,F1QE32	Q13432,A6NIH7				Q10658		E7F2M1				
ENOG502QPT3	0.25	0.14285714285714285	1	7	1	4		Q7YSI9	Q9VIQ9	Q5TZ18,F6NSP9,A0A1D5NSI4	Q8IVL1,Q8IVL0				Q7YSI9						
KOG1480	0.25	0.08333333333333333	1	12	1	4		Q26261	Q95TU8	A3KPR8,F1RCC5,A0A0R4IEH4,A0A0R4IE91,A0A0R4IE04	Q8IV45,Q6ZN44,Q8IZJ1,O95185,Q6UXZ4				Q26261						
KOG3512	0.09722222222222221	0.16666666666666666	3	18	2	4		P34710	Q24567,Q24568	F1QUK5,O42140,A0A286YB52,E7F1E7,F1R638,I3IT80,X1WCF2,F1R4Y3,A0A1D5NSB6	O95631,O00634,Q8WTR8,Q9Y2I2,Q96CW9,Q8N6Y0						F1QUK5,O42140	O95631			
KOG1168	0.08333333333333333	0.1111111111111111	1	9	1	4		P13528	P24350	Q90435,A1A5W2,Q6XZH1,F1Q813	Q01851,Q12837,Q15319							Q12837			
KOG0196	0.055357142857142855	0.1111111111111111	4	36	2	4		O61460	Q9V4E5	O13148,O73878,O13146,O13147,Q5VSJ4,F1RCR4,E7F2W4,A0A0R4IJK3,E7F533,F1RCL1,F6P3V1,A2CEJ3,F1QJD4,A0A0G2L6L8,F1QSD6,F1QEJ3,F1Q9D9,F1QU92,E7F153,A0A1D5NT23	P21709,P29317,P29320,P54764,P54756,Q9UF33,Q15375,P29322,Q5JZY3,P54762,P29323,P54753,P54760,O15197						O13148,F1RCL1,F1QJD4	Q15375			
KOG2996	0.25	0.3333333333333333	3	9	1	4		Q45FX5	Q9NHV9	X1WHG8,F1QUI8,B0S6C8,F1QL28	P52735,Q9UKW4,P15498							P52735,Q9UKW4,P15498			
KOG0608	0.125	0.14285714285714285	1	7	1	4		O45797,Q22734	Q9VA38	Q5RIL6,B0S8I4	O95835,Q9NRM7				O45797						
KOG2083	0.8958333333333334	0.8823529411764706	15	17	4	4		P34261,Q19301,H8ESD5	Q9VNC7,Q8MLQ5,O46100,M9PI37	A0A0G2KTI4,E7FG36,Q1LX46,Q1L965,F1RC41,Q1L963	Q13621,P55011,P55017,A0AV02				P34261,Q19301,H8ESD5	Q9VNC7,O46100,M9PI37	A0A0G2KTI4,Q1LX46,Q1L965,F1RC41,Q1L963	Q13621,P55011,P55017,A0AV02			
KOG3623	0.25	0.125	1	8	1	4		G5EBU4	P28166	F1R6J7,A0A286Y942,F1QPM7,F1QMZ5	P37275,O60315				G5EBU4						
KOG3880	0.08333333333333333	0.1111111111111111	1	9	1	6		G5EBM4,G5ECU8,G5EES1	Q9VVL0	Q5U392	Q13286,Q2TA70	P47040	Q9US09					Q13286			
KOG4637	0.25	0.09090909090909091	1	11	1	4		G5EDP9	Q7KTZ2	Q7ZVW3,B0S6V7,A0A0R4IUJ2,B3DHG9	A0A087WWA1,Q92569,P27986,O00459,F6TDL0					Q7KTZ2					
KOG4240	0.125	0.038461538461538464	1	26	1	4		O61528,Q20833	A8DYP0,Q7KVD1,B7Z0I2,M9PBJ1	Q7SX85,Q1LUA6,E7FCG7,A0A0R4IYK1,F1QD90,E7F2V3,X1WBU3,A0A0R4IGI8,F1REW0,F1Q4X6,F1Q841	Q6ZP82,Q5JYT7,O60229,O15068,P10911,Q86YR7,Q96PX9,Q86VW0,O75962				O61528						
KOG3545	0.019230769230769232	0.023809523809523808	1	42	1	4		G5EBT7,G5EGP1	Q9VWZ7	Q29RB4,Q0P3W2,Q5F0G5,F1R4X5,A0A0R4ILX8,F1QM40,F1QAS7,F1R9Q1,A2AWU1,E7F6K8,B7ZD15,Q5RH76,F1Q9V2,E7EY81,F8W264,E7F0W8,A0A0R4ICE0,E7F1J7,A0A0R4IYB5,A0A0R4IX48,A0A0R4IRM4,F1QXE0,B0UXR7,F1R5K6,A0A0R4IDE7,A0A0R4ILM0	O94910,O95490,Q9HAR2,Q6ZMI3,Q99972,Q99784,O95897,Q96PB7,Q6UWY5,Q9NRN5,Q6UX06,Q68BL7,Q68BL8							Q99784			
KOG1834	0.0625	0.1111111111111111	1	9	1	4		G5ED46	Q9V498	E9QCL6,E7EYL3,B0S5G3,R4GEC6	O94985,Q9H4D0,Q9BQT9						E7EYL3				
KOG3529	0.09375	0.1111111111111111	3	27	1	4		G5EBK3,G5ECW4,H2KYX3	Q24564,P46150,Q9VUK7	F1QA47,A0JML5,B3DGL5,Q66I42,Q5TZG5,Q503E6,Q6Q413,B0S599,F1Q5C7,F1QAI0,X1WBG6,E7F638,E9QH73	Q96HB5,P15311,Q9P2Q2,Q9Y2L6,Q3KP66,P35240,P26038,P35241							P15311,P26038,P35241			
KOG0847	0.16666666666666666	0.25	2	8	2	4		G5EGE2	Q9NHP8	A0A0R4IY89,F1QUC3,F1RAI4	P78426,Q9C056,A6NJ46						F1QUC3	P78426			
KOG4327	0.2	0.2	1	5	1	5		G5EC16	Q9VV74	Q9W6S8	Q16637		Q09808				Q9W6S8				
KOG0499	0.25	0.125	1	8	1	4		G5EEE2	Q9W2D5	X1WEF0,F1QZH8,A0A0R4IY63,A0A0R4IHX3	Q14028,Q9NQW8				G5EEE2						
KOG3676	0.08333333333333333	0.125	2	16	1	4		G5EBV8,Q22374,G5EDR9,Q9N3Y9,O61220	Q9W3W0,M9PI57	B6RTA2,F1QN56,A2BG42	Q8NER1,Q9Y5S1,Q8NET8,Q9HBA0,Q9NQA5,Q9H1D0							Q9Y5S1,Q9HBA0			
KOG3572	0.16666666666666666	0.16666666666666666	1	6	1	6		G5EBK0	Q9W0E3	E7EXM8	O75140	P47170	O74788			Q9W0E3					
KOG0088	0.25	0.25	1	4	1	4		Q22045	Q7PLE9	Q08BX0	Q9UL25							Q9UL25			
KOG2418	0.16666666666666666	0.18181818181818182	2	11	1	4		Q95QG4	Q9VB13,Q9VB15	A0A0R4J7C3,Q498P5,E7FH04,A0A0G2KZ18,X1WDA7	P27816,P11137,P10636							P11137,P10636			
KOG3686	0.027777777777777776	0.038461538461538464	1	26	1	4		H2L2C2,H2L055,Q9BL92	Q9VB98,Q9VM00,X2JJU0	A5PF44,E7FE99,X1WEX8,E7F869,F1QIU1,F1RD69,F1QTH7,Q5TYS4,F1Q8E0,E7FFF0,F1R073	Q5VVW2,Q6GYQ0,Q2PPJ7,P47736,Q684P5,O43166,Q9P2F8,O60292,Q96FS4							Q684P5			
KOG4214	0.25	0.2	1	5	1	4		Q18587	Q8MYY7,Q9VWM3	Q7T2B9	P58546							P58546			
KOG1704	0.125	0.044444444444444446	2	45	2	6		A0A0K3AQM0,Q8MNT0,Q17525,H2KYA1	Q9U1I1,A1Z6W3,Q0KIC3,A1ZAT5	F1Q7A2,Q6GQL7,Q6AZB7,E7EZP9,B0V234,A8WHU6,F1REQ6,A5WUZ4,F6NN15,F1Q6J9,F1Q568,B8JMK6,B0UYM8,A0A0R4ISB0,A0A0R4IJJ4,E7FCK0,B8A4X7,F1QNJ3,F2Z4V3	Q13642,Q14192,Q13643,Q5TD97,Q9UPQ0,Q9NZU5,Q8WWI1,Q96MT3,Q7Z3G6,O43900,Q2TBC4,O95171,Q9UGI8,O15231	P39083,Q06407	O14014,O74360			A1Z6W3				O74360	
KOG0517	0.125	0.05263157894736842	1	19	1	4		G5EFW3,E0AHA7	Q00963,A8JNJ6	X1WG23,F1QQE5,A0A0G2KKE8,A2BGE8,F1QXB0,A0A0G2L1F5,F1RAJ3,E7F8V9	Q03001,Q8IY33,P11277,Q01082,O15020,Q9H254,Q9NRC6				G5EFW3						
KOG2579	0.016826923076923076	0.024096385542168676	2	83	2	4		G5EDT4,Q18914,Q18705,Q9XXE9,Q5ZR75,Q17496	P21520,Q9W301,Q9W302,Q95SM8,Q9VW70,Q9VX04,Q4V4U2,Q5BIB8,A1Z7G6,Q9VF34,A0A0B4K7T3,Q9VME7,B7Z0B2,Q7KT80	Q5TYU3,Q7ZVG7,F1QYE2,A2CF37,Q1LWR7,F1QWC1,Q4LES0,F1QUC4,B3DJB7,B0S6K5,R4GEQ7,Q6NYE1,B8A5L6,K7DY96,F1RA44,F8W539,F1R2V2,A0A0R4ISF8,R4GES4,B0UXH5,X1WC45,R4GEG2,F1QVU9,B0UX68,F8W5V6,Q1MT43,E9QC51,F1QSM4,F1QWC0,F1QZC5,Q5RH53,F1QG23,F1QYL5,E7FCG4,F1QPY9,A5PMA3,A0A140LG86,A0A0R4IQ22,R4GE93	O95841,Q9UKU9,Q9Y5C1,Q9BY76,Q86XS5,Q8NI99,O43827,Q15389,O15123,Q9Y264,Q8N539,O00602,Q15485,O75636,Q08830,Q14314,P02671,P02675,P02679,P55083,P24821,Q9UQP3,Q92752,P22105						F1QYE2	Q92752			
KOG0709	0.08333333333333333	0.07142857142857142	1	14	1	4		Q4JFH9,O44743,G4S3E4	P29747	A1L224,Q1LYG4,A0A0R4IB23,E7FCG3,E7FGU9	Q96BA8,Q70SY1,Q68CJ9,Q8TEY5,O43889				O44743						
KOG4381	0.03571428571428571	0.05	1	20	1	4		K8ESM7	Q9W3C9,F3YD80,Q9VK31,Q8IMP0	A7YDW0,Q5U3W3,B8A5E2,F1QCE8,E7EYK3,F1QI60,F1Q4W5,E7FE23	Q92622,Q96T51,Q8WXA3,Q7L099,Q59EK9,Q96NL0,Q8TEQ0							Q7L099			
KOG3650	0.25	0.16666666666666666	1	6	1	4		A7LPF8	Q9VB51	Q08BG7,Q5XJK1	Q8TC20,Q9UIL1				A7LPF8						
KOG4124	0.16666666666666666	0.1111111111111111	1	9	1	6		Q86DA8,Q21288	Q9W483,Q9V9Z6	Q49TU3,A0A0R4IVX5	Q86VZ6	P32432	Q9UTH8						P32432		
KOG3789	0.16666666666666666	0.16666666666666666	1	6	1	6		W6SBD7	Q9VXA0	Q0P403	Q8WTW4	P39923	O42857			Q9VXA0					
KOG4356	0.2	0.1	1	10	1	5		Q19965	Q0E9G3,Q9VK58	Q499A3,Q1RM55,Q5PRB3	Q9NVR5,Q9NWS0,Q8WWB5	P38768							P38768		
KOG1288	1.0	1.0	7	7	6	6		O44846	Q9VJ75	A2BFP5,A0A0R4IRQ7	Q9BXP2	P38329	O60146		O44846	Q9VJ75	A2BFP5,A0A0R4IRQ7	Q9BXP2	P38329	O60146	
KOG1453	0.08333333333333333	0.03333333333333333	1	30	1	6		O01585,F0IWT2,Q965S4,G5EF80,Q965N4	A1ZAW3,Q9W4A9	E7EZG2,E7F3F0,Q6PCS4,Q5XIX9,E7F0M6,F1Q6Y5,A0A0R4IIX0,E7F3K5,A0A0R4IBF6,E9QD01,E7FEZ3	P15882,P52757,Q9P107,Q92619,B2RTY4,Q13459,Q14CB8,Q52LW3	P39083,Q06407	O14014,O74360							O74360	
KOG2128	0.06666666666666667	0.09090909090909091	1	11	1	5		O17772		E7FBD5,A2CE93,A0A0G2KFQ1	P46940,Q13576,Q86VI3	Q12280	P33277,O14188,Q10201					Q86VI3			
KOG1747	0.05555555555555555	0.1111111111111111	1	9	1	6		Q20173	Q9VFM9	Q6DKF4,E7F2D6	Q9NR96,Q12792,Q6IBS0	P53250	O94399					Q6IBS0			
KOG4572	0.25	0.25	1	4	1	4		Q22342	Q7KTS2	E7FFM2	Q8TDY2							Q8TDY2			
KOG4242	0.25	0.125	1	8	1	4		Q21301	A0A0B4KEE7	A0A0P0CP42,F6NI44,A0A0R4IK33	Q5VZK9,Q6F5E8,Q8ND23				Q21301						
KOG2709	0.25	0.2	1	5	1	4		O44735	Q9VN45	A8WFZ3,A0A0R4ITC8	Q8N0X7							Q8N0X7			
KOG3524	0.25	0.16666666666666666	1	6	1	4		Q9U364	Q8IQ97	F1QVS6,F1QUJ5	Q008S8,Q9H8V3					Q8IQ97					
KOG3814	0.25	0.16666666666666666	1	6	1	4		H2KY90	A1Z7N9	Q8UVJ6,B0V210	Q8TAA9,Q9ULK5					A1Z7N9					
KOG3584	0.08333333333333333	0.1	1	10	1	4		D0Z5N1	Q9VWW0	E9QDH4,Q7T351,Q803K8,E7F9I0,E9QHQ2	P18846,P16220,A0A0A0MSU8							P16220			
KOG3694	0.16666666666666666	0.14285714285714285	1	7	1	6		G5EFN2	Q9VWJ6	E7F0Y5,A0A0R4IL16	Q6R327	P40061	Q09743			Q9VWJ6					
KOG2514	0.03125	0.041666666666666664	1	24	1	4		G5EBW3,C0P287	Q76NS2,A0A0B4JCY1,M9PI24	E7F4N6,E7FF59,E7F3A3,X1WC49,E7FD02,A0A0G2L2L3,F1QC71,E7F503,A0A0R4IKC5,E7F072,F1QNZ8	Q5XXA6,Q9NQ90,Q9BYT9,Q32M45,Q75V66,Q4KMQ2,Q6IWH7,A1A5B4							Q4KMQ2			
KOG3919	0.25	0.14285714285714285	1	7	1	4		E0AHC6	Q9W525	Q6PBT3,Q5RJ41,E7FBD4	Q99689,Q9UHY8				E0AHC6						
KOG1008	0.16666666666666666	0.16666666666666666	1	6	1	6		O61201	Q9VQ89	Q802U2	Q9NXC5	P38164	Q09866			Q9VQ89					
KOG3628	0.08888888888888889	0.15384615384615385	2	13	2	6		A0A061AE78	Q9W0S9	Q6NVJ5,F1Q607,F1R931,E7FAU4,E7FEB0	Q14689,Q9P265,Q9Y2E4	Q12275	Q09773,Q10250				Q6NVJ5	Q9P265			
KOG0593	0.225	0.3333333333333333	3	9	2	4		E1NZ10	X2J708	Q6AXJ9,B9X2H6	Q00532,Q92772,Q8IVW4,Q5MAI5,O76039						B9X2H6	Q8IVW4,O76039			
KOG1266	0.25	0.14285714285714285	1	7	1	4		G5ED17	Q9Y0Y6	F1Q5L0,Q5SNQ3,F1QJ35	Q9NSY0,Q9UHY1					Q9Y0Y6					
KOG3655	0.4944444444444444	0.6153846153846154	8	13	4	6		Q9XUT0	Q9VU84,Q9VWQ7	Q6GMH1,Q6PFT7,E7F192,F1QWF1,E7EXG2	Q14019,Q9UJU6,Q16643	P15891	Q9P7E8		Q9XUT0	Q9VU84	Q6GMH1,E7F192,F1QWF1,E7EXG2	Q9UJU6,Q16643			
ENOG502QUNU	0.25	0.125	1	8	1	4		A0A1C3NSK8	Q9XTN2	E7F4P8,F1QHL0,E7F0F4,E7FCJ4	P35568,Q9Y4H2					Q9XTN2					
KOG4269	0.2	0.09090909090909091	1	11	1	5			Q29QE1	E7F9C1,F1Q590,F1QIN9,F1Q9E9,A5WUN5	Q12979,P11274,Q6ZUM4	P32873	Q10164			Q29QE1					
KOG3687	0.25	0.2	1	5	1	4			Q9VW83	A0A0G2KHX4	P49815		Q9UUG9,Q09716			Q9VW83					
KOG4645	0.2	0.14285714285714285	1	7	1	5			Q8MSQ4	A0A0R4IK63	Q9Y6R4	P25390,P53599	O74304,O14299			Q8MSQ4					
